Time,MinTemp,Cloudness,Qout,24h out,Qd,%,Qf,Qbs a,Qbs w,Qbs s,% bs a/d,% bs w/d,% bs s/d,% f/d,Qhwp,% hw
1,-1.5E+01,81,2.6222837200000004E+02,6.293480928000001E+03,2.135499149239562E+03,3.3931923742528924E-01,1.5472255254976071E+03,1.8554293442511394E+03,2.0442195405190996E+03,0E+00,1.3114957460327414E-01,4.2743921838117524E-02,1E+00,2.754735931182344E-01,4.96E+03,4.3054418331442784E-01
2,-1.7E+01,88,2.772128504E+02,6.6531084095999995E+03,1.34741863943171E+03,2.0252467816208636E-01,9.782969384883295E+02,1.1718711656103883E+03,1.2905647714064876E+03,0E+00,1.3028428484213414E-01,4.219465751876595E-02,1E+00,2.739473020048633E-01,4.96E+03,2.7165698375639313E-01
3,-1.8E+01,88,2.847050896E+02,6.8329221504E+03,1.3461578935101093E+03,1.9701057086261478E-01,9.794279424673734E+02,1.1719328881317113E+03,1.290083123390624E+03,0E+00,1.294239005827957E-01,4.165541827583854E-02,1E+00,2.724271445502479E-01,4.96E+03,2.7140280111090914E-01
4,-2E+01,84,2.99689568E+02,7.192549632E+03,1.7931095079489965E+03,2.4930095719762096E-01,1.307438407005876E+03,1.562759801928953E+03,1.7194738503476995E+03,0E+00,1.2846382499166106E-01,4.106590103664287E-02,1E+00,2.7085412173104995E-01,4.96E+03,3.6151401369939445E-01
5,-2E+01,91,2.99689568E+02,7.192549632E+03,1.0075166871282948E+03,1.400778220070675E-01,7.361576788808393E+02,8.790862796161423E+02,9.667478475351719E+02,0E+00,1.274722385772242E-01,4.046467925938339E-02,1E+00,2.6933450504021417E-01,4.96E+03,2.0312836434038203E-01
6,-1.8E+01,83,2.847050896E+02,6.8329221504E+03,1.9009542727165694E+03,2.782051706245896E-01,1.3919380118533868E+03,1.66064430798329E+03,1.8252413798893635E+03,0E+00,1.2641543680578027E-01,3.9828886951082686E-02,1E+00,2.6776880862882096E-01,4.96E+03,3.83256909821889E-01
7,-1.7E+01,82,2.772128504E+02,6.6531084095999995E+03,2.0103401040059225E+03,3.0216554131376144E-01,1.47523338178844E+03,1.7584238337642237E+03,1.9315815941016047E+03,0E+00,1.2531027448525534E-01,3.9176709327630184E-02,1E+00,2.661772110854264E-01,4.96E+03,4.053105048399037E-01
8,-1.8E+01,75,2.847050896E+02,6.8329221504E+03,2.788716366799292E+03,4.0812939258147996E-01,2.0507386870931105E+03,2.4424952419113047E+03,2.6813487356325977E+03,0E+00,1.2415071285480254E-01,3.850073547993112E-02,1E+00,2.6462988079106237E-01,4.96E+03,5.622412029837281E-01
9,-1.8E+01,65,2.847050896E+02,6.8329221504E+03,3.898878361212764E+03,5.706018999476707E-01,2.87339114560925E+03,3.4196170533289314E+03,3.7515272476892465E+03,0E+00,1.2292286742045376E-01,3.779320611522826E-02,1E+00,2.630210846805006E-01,4.96E+03,7.860641857283799E-01
10,-1.6E+01,76,2.697206112E+02,6.4732946688E+03,2.6701146519999747E+03,4.124815551606818E-01,1.972060374044497E+03,2.34527101320658E+03,2.5711425978186517E+03,0E+00,1.2165906005200175E-01,3.706659341657522E-02,1E+00,2.614323236766705E-01,4.96E+03,5.383295669354787E-01
11,-1.4E+01,84,2.547361328E+02,6.113667187200001E+03,1.7774660624091405E+03,2.9073647746651426E-01,1.315578732067437E+03,1.5636058826624585E+03,1.712920607593659E+03,0E+00,1.203174475561127E-01,3.6313185483832985E-02,1E+00,2.598571866489935E-01,4.96E+03,3.583600932276493E-01
12,-1.5E+01,97,2.6222837200000004E+02,6.293480928000001E+03,3.32778233727302E+02,5.2876657216319754E-02,2.4681589695945502E+02,2.932012077648389E+02,3.2095174845188814E+02,0E+00,1.1892913042772746E-01,3.553863827856341E-02,1E+00,2.5831718560742634E-01,4.96E+03,6.709238583211734E-02
13,-1.5E+01,96,2.6222837200000004E+02,6.293480928000001E+03,4.4306012624169296E+02,7.039985205492513E-02,3.293188928777386E+02,3.9099120786633017E+02,4.276559974966955E+02,0E+00,1.1752111122488779E-01,3.476758081496692E-02,1E+00,2.56717376778581E-01,4.96E+03,8.932663835518004E-02
14,-1.4E+01,89,2.547361328E+02,6.113667187200001E+03,1.2165994019974694E+03,1.9899666840625976E-01,9.061623488445845E+02,1.0754066424981281E+03,1.1752773101715386E+03,0E+00,1.1605525965862265E-01,3.396524094791296E-02,1E+00,2.551678495346907E-01,4.96E+03,2.452821374994898E-01
15,-1.5E+01,73,2.6222837200000004E+02,6.293480928000001E+03,2.981090207814493E+03,4.7367907234794004E-01,2.225105205100436E+03,2.639682071497304E+03,2.882280350217944E+03,0E+00,1.1452459084338927E-01,3.3145544317153934E-02,1E+00,2.535934674946612E-01,4.96E+03,6.010262515755026E-01
16,-1.6E+01,91,2.697206112E+02,6.4732946688E+03,9.921476672070064E+02,1.532678053401403E-01,7.420560517424634E+02,8.800855401718178E+02,9.600894896690126E+02,0E+00,1.1294904048976352E-01,3.2311901340493734E-02,1E+00,2.520709605341063E-01,4.96E+03,2.0002977161431582E-01
17,-2E+01,70,2.99689568E+02,7.192549632E+03,3.3015855273569814E+03,4.5902853595449217E-01,2.4745780322704118E+03,2.9338787367059986E+03,3.1976364349705455E+03,0E+00,1.1137278971093122E-01,3.148459778646123E-02,1E+00,2.504879816784919E-01,4.96E+03,6.656422434187462E-01
18,-2E+01,76,2.99689568E+02,7.192549632E+03,2.6368012956235475E+03,3.666017518867428E-01,1.9801218404658762E+03,2.347496610652421E+03,2.556043580086315E+03,0E+00,1.0971804566817457E-01,3.0627152554601123E-02,1E+00,2.4904396711561108E-01,4.96E+03,5.316131644402313E-01
19,-1.6E+01,78,2.697206112E+02,6.4732946688E+03,2.412916932141271E+03,3.7274943527150917E-01,1.8155865093867453E+03,2.1522136666317215E+03,2.341080519953837E+03,0E+00,1.0804485725838742E-01,2.9771605988808247E-02,1E+00,2.4755531978651366E-01,4.96E+03,4.8647518793170785E-01
20,-1.8E+01,73,2.847050896E+02,6.8329221504E+03,2.9561161891093793E+03,4.3262840173531436E-01,2.2284866979083445E+03,2.641881472820551E+03,2.870690318044983E+03,0E+00,1.0629985297820814E-01,2.889800860301546E-02,1E+00,2.4614373882924256E-01,4.96E+03,5.95991167159149E-01
21,-1.8E+01,76,2.847050896E+02,6.8329221504E+03,2.622874472323895E+03,3.8385838658652827E-01,1.9811094236066879E+03,2.3487086682473273E+03,2.5493891400769403E+03,0E+00,1.0452875536725709E-01,2.801709842478516E-02,1E+00,2.446800468299181E-01,4.96E+03,5.288053371620757E-01
22,-1.8E+01,67,2.847050896E+02,6.8329221504E+03,3.599942512293796E+03,5.268525578157004E-01,2.7242625194033667E+03,3.2300391998134887E+03,3.5022204279260127E+03,0E+00,1.0275256096926218E-01,2.7145456916065347E-02,1E+00,2.4324832685521613E-01,4.96E+03,7.257948613495556E-01
23,-1.6E+01,71,2.697206112E+02,6.4732946688E+03,3.1576269668878235E+03,4.8779286722524173E-01,2.3938413084299536E+03,2.838902149391374E+03,3.074660513956974E+03,0E+00,1.0093808446619214E-01,2.627493804710627E-02,1E+00,2.4188596894669348E-01,4.96E+03,6.366183400983515E-01
24,-1.8E+01,81,2.847050896E+02,6.8329221504E+03,2.0650669329911443E+03,3.022231027277627E-01,1.5682328121479218E+03,1.8604967283661958E+03,2.0126417086176784E+03,0E+00,9.90622634824911E-02,2.5386694995658408E-02,1E+00,2.405898389567371E-01,4.96E+03,4.163441397159565E-01
25,-1.8E+01,82,2.847050896E+02,6.8329221504E+03,1.8701014523935828E+03,2.736898520472836E-01,1.4854863827272723E+03,1.6824028629409609E+03,1.8222830676816463E+03,0E+00,1.0036813201357743E-01,2.5569941486721346E-02,1E+00,2.0566534995950805E-01,4.96E+03,3.770365831438675E-01
26,-1.7E+01,80,2.772128504E+02,6.6531084095999995E+03,2.0763962943117076E+03,3.1209416207852614E-01,1.650055161893142E+03,1.872204452284133E+03,2.0252482787427589E+03,0E+00,9.833953305877045E-02,2.4633070146131888E-02,1E+00,2.0532743849838694E-01,4.96E+03,4.1862828514348943E-01
27,-1.8E+01,75,2.847050896E+02,6.8329221504E+03,2.593613420102366E+03,3.7957602370027527E-01,2.0620657564408702E+03,2.3439206971640856E+03,2.5321467860324337E+03,0E+00,9.627214333600477E-02,2.3699227338015043E-02,1E+00,2.0494483084549917E-01,4.96E+03,5.229059314722512E-01
28,-2.1E+01,78,3.071818072E+02,7.3723633727999995E+03,2.280603230601543E+03,3.0934492987902973E-01,1.8138687242907713E+03,2.065818167989312E+03,2.2286631290131295E+03,0E+00,9.417905742226747E-02,2.2774720692960552E-02,1E+00,2.04653970514487E-01,4.96E+03,4.5979903842773046E-01
29,-1.8E+01,96,2.847050896E+02,6.8329221504E+03,4.143479758744419E+02,6.0639938046152905E-02,3.296632021397512E+02,3.761759125304719E+02,4.05280911066368E+02,0E+00,9.212561799876402E-02,2.1882729821326365E-02,1E+00,2.0438080711260023E-01,4.96E+03,8.353789836178264E-02
30,-1.8E+01,74,2.847050896E+02,6.8329221504E+03,2.691274124889153E+03,3.9386869419134324E-01,2.141833902225002E+03,2.4490492521856168E+03,2.6348071856644647E+03,0E+00,9.000379057020538E-02,2.098148928883792E-02,1E+00,2.0415617182318108E-01,4.96E+03,5.425955896953938E-01
31,-2E+01,83,2.99689568E+02,7.192549632E+03,1.7582334089235846E+03,2.4445203702190937E-01,1.3995715576638304E+03,1.6037455525698128E+03,1.7229090019630005E+03,0E+00,8.786538554534196E-02,2.0090851863752413E-02,1E+00,2.0398989658564848E-01,4.96E+03,3.5448254212169045E-01
32,-1.7E+01,90,2.772128504E+02,6.6531084095999995E+03,1.03338955434088E+03,1.5532432221452558E-01,8.227506900178411E+02,9.447912482236447E+02,1.0135188504815352E+03,0E+00,8.573563158739828E-02,1.9228667229967182E-02,1E+00,2.038329722206157E-01,4.96E+03,2.083446682138871E-01
33,-1.8E+01,86,2.847050896E+02,6.8329221504E+03,1.4455518951379595E+03,2.1155690981395664E-01,1.1510401845283818E+03,1.3247436996863767E+03,1.4190021982791404E+03,0E+00,8.357236835143382E-02,1.8366477847054478E-02,1E+00,2.0373651862665929E-01,4.96E+03,2.914419143423305E-01
34,-1.8E+01,93,2.847050896E+02,6.8329221504E+03,7.221420589764831E+02,1.0568568514046496E-01,5.750717307218782E+02,6.633484387862626E+02,7.094769661468979E+02,0E+00,8.141558777721764E-02,1.7538229039776337E-02,1E+00,2.0365844424440918E-01,4.96E+03,1.455931570517103E-01
35,-1.8E+01,91,2.847050896E+02,6.8329221504E+03,9.276526667265641E+02,1.3576221802443034E-01,7.387487874469559E+02,8.541135146678103E+02,9.121303377820236E+02,0E+00,7.927444688781377E-02,1.6732910389094892E-02,1E+00,2.0363643209931037E-01,4.96E+03,1.8702674732390406E-01
36,-1.9E+01,97,2.9219732880000004E+02,7.012735891200001E+03,3.0896767197638223E+02,4.40580790108028E-02,2.4603714621615026E+02,2.851449148152084E+02,3.0404047796617965E+02,0E+00,7.710436826217504E-02,1.5947280110843447E-02,1E+00,2.0367996870896718E-01,4.96E+03,6.2291869350077064E-02
37,-1.7E+01,93,2.772128504E+02,6.6531084095999995E+03,7.202755774713171E+02,1.0826151223268911E-01,5.734848073806592E+02,6.662929461997624E+02,7.093374666217666E+02,0E+00,7.494719099191509E-02,1.5186008233058653E-02,1E+00,2.0379806657612717E-01,4.96E+03,1.452168502966365E-01
38,-1.8E+01,96,2.847050896E+02,6.8329221504E+03,4.112111804890381E+02,6.018086719529883E-02,3.273574309636078E+02,3.812803018501917E+02,4.0526808521685444E+02,0E+00,7.278712267319852E-02,1.4452659738277883E-02,1E+00,2.0391894360874668E-01,4.96E+03,8.290547993730607E-02
39,-1.7E+01,86,2.772128504E+02,6.6531084095999995E+03,1.4379755025730433E+03,2.1613588927818145E-01,1.1444873100718983E+03,1.336441742949122E+03,1.4182160697959441E+03,0E+00,7.060882431045705E-02,1.3741147009627492E-02,1E+00,2.040981866353018E-01,4.96E+03,2.8991441584133937E-01
40,-1.8E+01,71,2.847050896E+02,6.8329221504E+03,2.9758886838327157E+03,4.3552211167201826E-01,2.3677616432920113E+03,2.7721785582617626E+03,2.93700362078355E+03,0E+00,6.845354353395706E-02,1.306670617769371E-02,1E+00,2.0435140731053267E-01,4.96E+03,5.999775572243379E-01
41,-1.8E+01,85,2.847050896E+02,6.8329221504E+03,1.5378733988363558E+03,2.2506818678540463E-01,1.223209837955062E+03,1.435888996400286E+03,1.518763312438964E+03,0E+00,6.631521327648751E-02,1.2426306620461474E-02,1E+00,2.0460953490670067E-01,4.96E+03,3.1005512073313624E-01
42,-1.8E+01,77,2.847050896E+02,6.8329221504E+03,2.355884341698222E+03,3.4478430894464507E-01,1.873036902149756E+03,2.2046685967697376E+03,2.3280464355691397E+03,0E+00,6.418640433743948E-02,1.1816329705309552E-02,1E+00,2.0495379633127878E-01,4.96E+03,4.7497668179399644E-01
43,-1.5E+01,94,2.6222837200000004E+02,6.293480928000001E+03,6.140576978161525E+02,9.757043913236953E-02,4.879707105810636E+02,5.759417228746203E+02,6.071528872892275E+02,0E+00,6.207230212582417E-02,1.124456309477332E-02,1E+00,2.0533410408094752E-01,4.96E+03,1.2380195520486946E-01
44,-1.8E+01,93,2.847050896E+02,6.8329221504E+03,7.157055989254263E+02,1.0474370747565577E-01,5.684461654719327E+02,6.727908971431315E+02,7.080337789065504E+02,0E+00,5.9961388938032364E-02,1.0719239908692231E-02,1E+00,2.05754200714081E-01,4.96E+03,1.4429548365431982E-01
45,-1.6E+01,81,2.697206112E+02,6.4732946688E+03,1.9408776543399179E+03,2.9982841097819385E-01,1.5405431683487718E+03,1.828498326218244E+03,1.9210134243856307E+03,0E+00,5.790129422655099E-02,1.0234663637797833E-02,1E+00,2.0626466851013225E-01,4.96E+03,3.9130597869756406E-01
46,-1.9E+01,82,2.9219732880000004E+02,7.012735891200001E+03,1.8371483219908819E+03,2.6197312297134207E-01,1.4572283496031014E+03,1.7345616561126321E+03,1.8191764928334853E+03,0E+00,5.584016524429488E-02,9.782459555535951E-03,1E+00,2.0679874773315454E-01,4.96E+03,3.7039280685300036E-01
47,-1.7E+01,87,2.772128504E+02,6.6531084095999995E+03,1.3255976136229676E+03,1.992448539858778E-01,1.050648217440086E+03,1.2543161079533531E+03,1.313180141837775E+03,0E+00,5.3773109529668114E-02,9.367451825184447E-03,1E+00,2.0741542784723513E-01,4.96E+03,2.6725758339172734E-01
48,-1.6E+01,95,2.697206112E+02,6.4732946688E+03,5.093630930172958E+02,7.868683863138892E-02,4.033778752507302E+02,4.8300070160957216E+02,5.0477639465126595E+02,0E+00,5.175559786156013E-02,9.00477170196962E-03,1E+00,2.080740030431824E-01,4.96E+03,1.0269417197929351E-01
49,-1.4E+01,92,2.547361328E+02,6.113667187200001E+03,8.142686922550324E+02,1.331882595702694E-01,6.442804285342312E+02,7.737493241166403E+02,8.07194898625422E+02,0E+00,4.976166776863038E-02,8.687296585136237E-03,1E+00,2.0876188086028014E-01,4.96E+03,1.6416707505141784E-01
50,-1.6E+01,90,2.697206112E+02,6.4732946688E+03,1.0168641260578476E+03,1.570860246728658E-01,8.038204121496716E+02,9.682636766828284E+02,1.0083005812132377E+03,0E+00,4.779443794859012E-02,8.421523215504437E-03,1E+00,2.0951050238550384E-01,4.96E+03,2.0501292864069506E-01
51,-1.8E+01,84,2.847050896E+02,6.8329221504E+03,1.6256967569100445E+03,2.3792115893123064E-01,1.2837707359916267E+03,1.5511252114075867E+03,1.612355638670864E+03,0E+00,4.587051378769778E-02,8.206400229608574E-03,1E+00,2.10325830733842E-01,4.96E+03,3.277614429254122E-01
52,-1.9E+01,94,2.9219732880000004E+02,7.012735891200001E+03,6.090694112796867E+02,8.685189642518597E-02,4.804444549212937E+02,5.82286192394293E+02,6.041745789154855E+02,0E+00,4.397400097489826E-02,8.036575591469794E-03,1E+00,2.1118275516109938E-01,4.96E+03,1.227962522741304E-01
53,-1.8E+01,81,2.847050896E+02,6.8329221504E+03,1.9270321398586304E+03,2.8202167351574786E-01,1.5183167624104562E+03,1.8458837675011953E+03,1.9117641342477095E+03,0E+00,4.211054433341645E-02,7.923067444033966E-03,1E+00,2.1209577619092446E-01,4.96E+03,3.885145443263368E-01
54,-1.8E+01,88,2.847050896E+02,6.8329221504E+03,1.2160066648402906E+03,1.7796290343643173E-01,9.568850496785443E+02,1.1670255524648526E+03,1.2064516200111998E+03,0E+00,4.028029927111544E-02,7.857724061360904E-03,1E+00,2.1309226557222782E-01,4.96E+03,2.4516263404038116E-01
55,-1.8E+01,85,2.847050896E+02,6.8329221504E+03,1.5186980458446626E+03,2.2226186870221518E-01,1.1935963205739185E+03,1.4602297084340044E+03,1.5067590808916602E+03,0E+00,3.849898771558615E-02,7.86131580643617E-03,1E+00,2.1406607202811695E-01,4.96E+03,3.0618912214610133E-01
56,-1.8E+01,78,2.847050896E+02,6.8329221504E+03,2.225566973096453E+03,3.2571232689460217E-01,1.746821039294903E+03,2.143783569597619E+03,2.207957806180755E+03,0E+00,3.674722193825858E-02,7.912216135737164E-03,1E+00,2.1511189714298554E-01,4.96E+03,4.487030187694461E-01
57,-1.6E+01,79,2.697206112E+02,6.4732946688E+03,2.122709909088988E+03,3.279180104869982E-01,1.6636524405763273E+03,2.048330589731127E+03,2.105684882076549E+03,0E+00,3.503979466972113E-02,8.020420943785552E-03,1E+00,2.162601053243662E-01,4.96E+03,4.2796570747761853E-01
58,-1.6E+01,75,2.697206112E+02,6.4732946688E+03,2.5249639203557376E+03,3.9005854816490343E-01,1.9759328596911969E+03,2.440639778176409E+03,2.504275796897171E+03,0E+00,3.339617706990772E-02,8.193433296920873E-03,1E+00,2.174411508371925E-01,4.96E+03,5.090653065233341E-01
59,-1.3E+01,89,2.472438936E+02,5.9338534464E+03,1.1100582974780687E+03,1.8707207845713278E-01,8.673694738648105E+02,1.0747824428700037E+03,1.100722779129844E+03,0E+00,3.177838018796641E-02,8.409935198389082E-03,1E+00,2.1862709748183554E-01,4.96E+03,2.2380207610444933E-01
60,-9E+00,100,2.172749368E+02,5.2145984832E+03,0E+00,0E+00,0E+00,0E+00,0E+00,0E+00,NaN,NaN,NaN,NaN,4.96E+03,0E+00
61,-1.3E+01,86,2.472438936E+02,5.9338534464E+03,1.4105786811435587E+03,2.3771714180088832E-01,1.098524967044939E+03,1.3701124239607425E+03,1.3977895566152715E+03,0E+00,2.8687699398668248E-02,9.066580049202853E-03,1E+00,2.2122389787263563E-01,4.96E+03,2.84390863133782E-01
62,-1.3E+01,84,2.472438936E+02,5.9338534464E+03,1.6108716798292996E+03,2.7147142988618916E-01,1.2522831690907171E+03,1.5670073592162507E+03,1.5956160591083496E+03,0E+00,2.7230176780870103E-02,9.47041338672401E-03,1E+00,2.2260526100786712E-01,4.96E+03,3.247725160946169E-01
63,-1.2E+01,70,2.397516544E+02,5.7540397056E+03,3.0180194217868916E+03,5.245044483877417E-01,2.3418056215019387E+03,2.9401284728747414E+03,2.9879823264387223E+03,0E+00,2.580863076952403E-02,9.952585172690934E-03,1E+00,2.2405879677360857E-01,4.96E+03,6.084716576183249E-01
64,-1.2E+01,69,2.397516544E+02,5.7540397056E+03,3.116513502434243E+03,5.416218277745217E-01,2.4137372781155236E+03,3.040264412800536E+03,3.0838094966041986E+03,0E+00,2.4466150900405447E-02,1.0493779604837323E-02,1E+00,2.2550077956337924E-01,4.96E+03,6.283293351681941E-01
65,-1.4E+01,79,2.547361328E+02,6.113667187200001E+03,2.1097639647737733E+03,3.450897636676923E-01,1.6308117337346744E+03,2.060894110424528E+03,2.0863184307946667E+03,0E+00,2.316365961558416E-02,1.1112870619923066E-02,1E+00,2.2701697395350873E-01,4.96E+03,4.253556380592285E-01
66,-1.2E+01,93,2.397516544E+02,5.7540397056E+03,7.027278802774498E+02,1.2212774263506287E-01,5.421007708073397E+02,6.873277380990821E+02,6.944460803417664E+02,0E+00,2.1914801746996924E-02,1.1785216110130146E-02,1E+00,2.2857654289551116E-01,4.96E+03,1.416790081204536E-01
67,-9E+00,91,2.172749368E+02,5.2145984832E+03,9.028371817987851E+02,1.7313647152460113E-01,6.950229422992448E+02,8.841343140298248E+02,8.915290633466293E+02,0E+00,2.0715659640531434E-02,1.252509165564693E-02,1E+00,2.301790884215662E-01,4.96E+03,1.820236253626583E-01
68,-9E+00,98,2.172749368E+02,5.2145984832E+03,2.0049984749470923E+02,3.844971921436799E-02,1.540181695356017E+02,1.965692134942205E+02,1.9782632036987758E+02,0E+00,1.9604174514858214E-02,1.3334310016880256E-02,1E+00,2.3182899408606328E-01,4.96E+03,4.0423356349739765E-02
69,-7E+00,97,2.022904584E+02,4.8549710016E+03,3.0056189165861963E+02,6.190807145080099E-02,2.3038831226694498E+02,2.9498880864068684E+02,2.9628746670717885E+02,0E+00,1.8542214341207158E-02,1.4221446797040179E-02,1E+00,2.3347463979691188E-01,4.96E+03,6.0597155576334605E-02
70,-9E+00,95,2.172749368E+02,5.2145984832E+03,5.0066183703862816E+02,9.601157953994399E-02,3.828864585840481E+02,4.9188450372812264E+02,4.9306909383522714E+02,0E+00,1.7531460680971295E-02,1.516541234361194E-02,1E+00,2.3523937664434605E-01,4.96E+03,1.0093988649972342E-01
71,-1E+01,86,2.24767176E+02,5.394412224E+03,1.400964550066341E+03,2.5970661712380494E-01,1.0689736297474708E+03,1.3777088383762318E+03,1.3782849785203425E+03,0E+00,1.659978597531814E-02,1.6188540634325538E-02,1E+00,2.369731056386467E-01,4.96E+03,2.824525302553107E-01
72,-1E+01,92,2.24767176E+02,5.394412224E+03,8.000877836726603E+02,1.483178797706692E-01,6.090566202752967E+02,7.875081907822237E+02,7.862660504513176E+02,0E+00,1.5722765860381353E-02,1.727527091826922E-02,1E+00,2.3876275490730417E-01,4.96E+03,1.6130802090174604E-01
73,-9E+00,88,2.172749368E+02,5.2145984832E+03,1.1994826716403513E+03,2.3002397509698091E-01,9.108191833143317E+02,1.1816051214177255E+03,1.177360160562528E+03,0E+00,1.4904383902584925E-02,1.8443376966479724E-02,1E+00,2.4065665569912587E-01,4.96E+03,2.4183118379845792E-01
74,-7E+00,92,2.022904584E+02,4.8549710016E+03,7.992272430225314E+02,1.6462039479929721E-01,6.053999563422936E+02,7.879081628131055E+02,7.835118938259225E+02,0E+00,1.416253050461493E-02,1.9663180070259283E-02,1E+00,2.425183680516425E-01,4.96E+03,1.6113452480292972E-01
75,-8E+00,84,2.097826976E+02,5.0347847424E+03,1.5976402396793978E+03,3.173204658036341E-01,1.2071658480290484E+03,1.5760791120190543E+03,1.5641496535189751E+03,0E+00,1.3495608789041345E-02,2.096253294618026E-02,1E+00,2.4440695843308674E-01,4.96E+03,3.2210488703213663E-01
76,-9E+00,95,2.172749368E+02,5.2145984832E+03,4.9903044186166005E+02,9.569872799783122E-02,3.761072732116373E+02,4.9259754254596254E+02,4.8788658609056876E+02,0E+00,1.2890795382540714E-02,2.2331013974856057E-02,1E+00,2.4632398815481324E-01,4.96E+03,1.006109761817863E-01
77,-8E+00,97,2.097826976E+02,5.0347847424E+03,2.9927427823338763E+02,5.944132540822956E-02,2.2496328664681587E+02,2.9558017709044856E+02,2.921609996743893E+02,0E+00,1.234353037202293E-02,2.3768426077202316E-02,1E+00,2.4830397060926393E-01,4.96E+03,6.033755609544106E-02
78,-5E+00,92,1.8730598E+02,4.49534352E+03,7.977534224469526E+02,1.7746217144423093E-01,5.980405052561655E+02,7.882864218321645E+02,7.775894008263072E+02,0E+00,1.186707615211483E-02,2.5276007665120784E-02,1E+00,2.5034416847527496E-01,4.96E+03,1.6083738355785335E-01
79,-6E+00,93,1.947982192E+02,4.675157260800001E+03,6.97707716990664E+02,1.492372722605002E-01,5.216281815621753E+02,6.897118213982634E+02,6.789703899211722E+02,0E+00,1.1460236711854525E-02,2.6855553712820068E-02,1E+00,2.5236862247697456E-01,4.96E+03,1.406668784255371E-01
80,-8E+00,86,2.097826976E+02,5.0347847424E+03,1.3949408235493163E+03,2.7706066791732803E-01,1.0400426124108724E+03,1.3794019205346513E+03,1.355184683146961E+03,0E+00,1.113947111758303E-02,2.850023436922491E-02,1E+00,2.544181123292626E-01,4.96E+03,2.8123806926397504E-01
81,-6E+00,92,1.947982192E+02,4.675157260800001E+03,7.968277335370294E+02,1.7043870164929562E-01,5.924298327560009E+02,7.881655273939325E+02,7.727404634356498E+02,0E+00,1.0870864276581339E-02,3.0228955503919214E-02,1E+00,2.5651454157315656E-01,4.96E+03,1.6065075272923982E-01
82,-5E+00,92,1.8730598E+02,4.49534352E+03,7.965668550241224E+02,1.7719821666134258E-01,5.905701537647767E+02,7.880622909695351E+02,7.710671252434367E+02,0E+00,1.0676522630771387E-02,3.201203969240405E-02,1E+00,2.586056649985864E-01,4.96E+03,1.605981562548634E-01
83,-4E+00,99,1.798137408E+02,4.3155297792E+03,9.953838048021326E+01,2.3065158989278342E-02,7.358339851444872E+01,9.848754111198039E+01,9.616672188508983E+01,0E+00,1.0557127443335989E-02,3.38729501008275E-02,1E+00,2.607535087525762E-01,4.96E+03,2.006822187101074E-02
84,-2E+00,83,1.648292624E+02,3.9559022976E+03,1.691769350936915E+03,4.2765701063024025E-01,1.2470529233307307E+03,1.6739876593404617E+03,1.6312084624126696E+03,0E+00,1.051070678553531E-02,3.5797367111956566E-02,1E+00,2.628706019292151E-01,4.96E+03,3.4108253043082964E-01
85,-4E+00,86,1.798137408E+02,4.3155297792E+03,1.3928576914942328E+03,3.227547399180354E-01,1.023647057758943E+03,1.37819119706426E+03,1.340222147649142E+03,0E+00,1.0529786725188695E-02,3.7789606337043986E-02,1E+00,2.6507419673233623E-01,4.96E+03,2.8081808296254696E-01
86,-3E+00,85,1.723215016E+02,4.1357160384E+03,1.4919773248512868E+03,3.607542952655167E-01,1.093267821614912E+03,1.4761300689521775E+03,1.4325217963203297E+03,0E+00,1.0621646612952977E-02,3.985015558925019E-02,1E+00,2.6723563193302297E-01,4.96E+03,3.008018800103401E-01
87,-4E+00,87,1.798137408E+02,4.3155297792E+03,1.2928781825729907E+03,2.9958736209037595E-01,9.4448283156094E+02,1.278942382007683E+03,1.2385817396146736E+03,0E+00,1.0778896846703639E-02,4.199656525277624E-02,1E+00,2.6947268173301536E-01,4.96E+03,2.606609239058449E-01
88,-5E+00,80,1.8730598E+02,4.49534352E+03,1.9888216891210332E+03,4.4241817789289506E-01,1.4485099525411963E+03,1.9668850443164968E+03,1.9009051639183724E+03,0E+00,1.1029970622570655E-02,4.420533307916393E-02,1E+00,2.7167429817131045E-01,4.96E+03,4.009721147421438E-01
89,-4E+00,75,1.798137408E+02,4.3155297792E+03,2.4857787780618446E+03,5.760077916836089E-01,1.804929587043926E+03,2.4576308583543096E+03,2.3703099282135704E+03,0E+00,1.1323581951842835E-02,4.645178037053841E-02,1E+00,2.7389774063031264E-01,4.96E+03,5.011650762221461E-01
90,-3E+00,85,1.723215016E+02,4.1357160384E+03,1.4912132943523038E+03,3.6056955567220594E-01,1.0793733791910013E+03,1.473765892487568E+03,1.4184526365001325E+03,0E+00,1.1700138357681458E-02,4.879292461228663E-02,1E+00,2.7617773843692955E-01,4.96E+03,3.0064784160328706E-01
91,-3E+00,96,1.723215016E+02,4.1357160384E+03,2.777468442328442E+02,6.715810313231688E-02,2.030677154165949E+02,2.7451077337808323E+02,2.644400324200391E+02,0E+00,1.1651152558363572E-02,4.790985780435934E-02,1E+00,2.688748058416942E-01,4.96E+03,5.599734762758955E-02
92,-1E+00,95,1.573370232E+02,3.7760885568000003E+03,3.4723937698545353E+02,9.195742413406673E-02,2.53015116254112E+02,3.430430677999758E+02,3.2978628222574275E+02,0E+00,1.208477339726806E-02,5.026242965653626E-02,1E+00,2.71352464542893E-01,4.96E+03,7.000793890835756E-02
93,-1E+00,83,1.573370232E+02,3.7760885568000003E+03,1.180759425362273E+03,3.1269378554058413E-01,8.573791098588895E+02,1.1658974041233164E+03,1.1185676230279846E+03,0E+00,1.2586832609357987E-02,5.2671019174974736E-02,1E+00,2.738748542313488E-01,4.96E+03,2.380563357585228E-01
94,-1E+00,94,1.573370232E+02,3.7760885568000003E+03,4.168125334724727E+02,1.1038208643753189E-01,3.016072392077065E+02,4.1133063327295656E+02,3.93826593380262E+02,0E+00,1.3151956237607131E-02,5.5146950358508695E-02,1E+00,2.7639594545055735E-01,4.96E+03,8.403478497428885E-02
95,1E+00,94,1.423525448E+02,3.4164610752E+03,4.1682936460056305E+02,1.2200617991122929E-01,3.00565171004563E+02,4.1107927227415985E+02,3.927907747259906E+02,0E+00,1.3794835044583191E-02,5.767009696547645E-02,1E+00,2.7892515132040424E-01,4.96E+03,8.403817834688772E-02
96,0E+00,70,1.49844784E+02,3.596274816E+03,2.0846442852472574E+03,5.796676816723167E-01,1.4979298409983417E+03,2.054417261048098E+03,1.9590126504695022E+03,0E+00,1.4499847486245752E-02,6.0265262360026224E-02,1E+00,2.814458315027718E-01,4.96E+03,4.2029118654178577E-01
97,-3E+00,74,1.723215016E+02,4.1357160384E+03,1.8071744289349567E+03,4.369677250941303E-01,1.2939399240587504E+03,1.7795745168602823E+03,1.6934638016432846E+03,0E+00,1.5272411800857621E-02,6.292177748369682E-02,1E+00,2.839983217218698E-01,4.96E+03,3.643496832530155E-01
98,-1E+00,79,1.573370232E+02,3.7760885568000003E+03,1.460106791863347E+03,3.86671755680618E-01,1.0417615944804238E+03,1.4365685873694192E+03,1.364234294465311E+03,0E+00,1.612087870907642E-02,6.566129130574506E-02,1E+00,2.865168491196749E-01,4.96E+03,2.943763693272877E-01
99,0E+00,82,1.49844784E+02,3.596274816E+03,1.2519483565672115E+03,3.4812366146136353E-01,8.90021313236976E+02,1.2306463997638944E+03,1.1663003729085399E+03,0E+00,1.7015044343942434E-02,6.841175453396063E-02,1E+00,2.8909103273446823E-01,4.96E+03,2.524089428562926E-01
100,0E+00,81,1.49844784E+02,3.596274816E+03,1.3219257880629139E+03,3.675819718175047E-01,9.364728767519375E+02,1.2981549473399286E+03,1.2277865372125782E+03,0E+00,1.7981978215144585E-02,7.121371842536081E-02,1E+00,2.915843799944325E-01,4.96E+03,2.6651729598042617E-01
101,1E+00,62,1.423525448E+02,3.4164610752E+03,2.644870685272358E+03,7.741550765707252E-01,1.8669153960055546E+03,2.594546777890128E+03,2.448852092112563E+03,0E+00,1.9026982174384775E-02,7.411273233557349E-02,1E+00,2.941373631606086E-01,4.96E+03,5.332400575145884E-01
102,1E+00,66,1.423525448E+02,3.4164610752E+03,2.367493577786694E+03,6.929666475559364E-01,1.6650540470542785E+03,2.319900581228014E+03,2.185168075355234E+03,0E+00,2.0102692993648478E-02,7.701203675572846E-02,1E+00,2.9670176820040517E-01,4.96E+03,4.77317253586027E-01
103,2E+00,68,1.348603056E+02,3.2366473344E+03,2.2910573110107093E+03,7.078489171991976E-01,1.5622266580995702E+03,2.238158747645638E+03,2.101317706873578E+03,0E+00,2.3089148888089148E-02,8.281748484651677E-02,1E+00,3.181197822544266E-01,4.96E+03,4.619067159295785E-01
104,2E+00,76,1.348603056E+02,3.2366473344E+03,1.720808774656161E+03,5.316639710378454E-01,1.168093914152849E+03,1.6787462576202074E+03,1.572801655048193E+03,0E+00,2.4443458015466036E-02,8.601020740235442E-02,1E+00,3.211948176018286E-01,4.96E+03,3.4693725295487116E-01
105,2E+00,78,1.348603056E+02,3.2366473344E+03,1.5796096248644528E+03,4.880388444165407E-01,1.0674231903557707E+03,1.538772526286882E+03,1.4386644122467987E+03,0E+00,2.5852652411557046E-02,8.922787655826589E-02,1E+00,3.2424874250347335E-01,4.96E+03,3.1846968243234935E-01
106,2E+00,75,1.348603056E+02,3.2366473344E+03,1.7977041462267844E+03,5.554216942699558E-01,1.2092909910370586E+03,1.7485447700857696E+03,1.6313317436755156E+03,0E+00,2.7345643188394303E-02,9.254715404671512E-02,1E+00,3.2731367751737733E-01,4.96E+03,3.624403520618517E-01
107,1E+00,65,1.423525448E+02,3.4164610752E+03,2.5207869280642503E+03,7.378356938887949E-01,1.6880106259785261E+03,2.4479651190677696E+03,2.279076546187367E+03,0E+00,2.8888522145900538E-02,9.588687531892912E-02,1E+00,3.303636228886768E-01,4.96E+03,5.082231709806956E-01
108,1E+00,71,1.423525448E+02,3.4164610752E+03,2.091886301499278E+03,6.122962490877549E-01,1.3945644020561344E+03,2.0281181073350774E+03,1.8842646711512245E+03,0E+00,3.0483585134859985E-02,9.925091540551167E-02,1E+00,3.3334598488616013E-01,4.96E+03,4.2175127046356414E-01
109,3E+00,72,1.273680664E+02,3.0568335936000003E+03,2.0230231578661185E+03,6.61803495650421E-01,1.3425375495475098E+03,1.9579879762887158E+03,1.815276982291196E+03,0E+00,3.214752205110778E-02,1.0269095277883654E-01,1E+00,3.3637064690667395E-01,4.96E+03,4.078675721504271E-01
110,4E+00,61,1.198758272E+02,2.8770198528E+03,2.822326134512048E+03,9.809894539883962E-01,1.8645414293974497E+03,2.726727920669573E+03,2.5226499508164075E+03,0E+00,3.387213570872568E-02,1.0618056504212318E-01,1E+00,3.393600383040743E-01,4.96E+03,5.690173658290419E-01
111,5E+00,66,1.12383588E+02,2.697206112E+03,2.4645002396032437E+03,9.13723363089889E-01,1.6209038388312633E+03,2.3766625830213134E+03,2.19416897561742E+03,0E+00,3.564116374201334E-02,1.0969009442228494E-01,1E+00,3.422991757987372E-01,4.96E+03,4.968750483071056E-01
112,6E+00,59,1.048913488E+02,2.5173923712E+03,2.9769941548663855E+03,1.1825705793520382E+00,1.949090785881219E+03,2.86547308914098E+03,2.639917298683536E+03,0E+00,3.746096227401257E-02,1.1322724824025665E-01,1E+00,3.452822933175363E-01,4.96E+03,6.002004344488681E-01
113,5E+00,45,1.12383588E+02,2.697206112E+03,4.0004820872173814E+03,1.4831948027327404E+00,2.6076746150753133E+03,3.843036251268939E+03,3.5330410144928173E+03,0E+00,3.9356715644728E-02,1.1684618566801343E-01,1E+00,3.481599071753036E-01,4.96E+03,8.065488079067301E-01
114,6E+00,55,1.048913488E+02,2.5173923712E+03,3.278729543799045E+03,1.3024308730371372E+00,2.1278546831610815E+03,3.1433800768756455E+03,2.883813804714533E+03,0E+00,4.128107094999096E-02,1.2044779351544967E-01,1E+00,3.5101244102752416E-01,4.96E+03,6.610341822175494E-01
115,8E+00,65,8.99068704E+01,2.1577648896E+03,2.554569890297114E+03,1.183896309838776E+00,1.6505446958543996E+03,2.4440639225401374E+03,2.2375589286293757E+03,0E+00,4.325815010061208E-02,1.2409563068594208E-01,1E+00,3.5388548102615036E-01,4.96E+03,5.15034252076031E-01
116,7E+00,66,9.73991096E+01,2.3375786304000003E+03,2.486047956156282E+03,1.0635141525617369E+00,1.5992102093343667E+03,2.3734608724805476E+03,2.1683244471537246E+03,0E+00,4.5287575163999366E-02,1.2780264685392256E-01,1E+00,3.5672592100478595E-01,4.96E+03,5.012193459992504E-01
117,5E+00,61,1.12383588E+02,2.697206112E+03,2.8563237584039616E+03,1.0589935065385028E+00,1.829399282682987E+03,2.7210638161958477E+03,2.4806842415510782E+03,0E+00,4.735455559270818E-02,1.315115332243642E-01,1E+00,3.5952663723764733E-01,4.96E+03,5.758717254846697E-01
118,3E+00,72,1.273680664E+02,3.0568335936000003E+03,2.0546222242030767E+03,6.72140684564831E-01,1.3102865978757009E+03,1.9529946760197017E+03,1.776756615159476E+03,0E+00,4.946288762295117E-02,1.3523926966738414E-01,1E+00,3.6227371511864187E-01,4.96E+03,4.142383516538461E-01
119,3E+00,69,1.273680664E+02,3.0568335936000003E+03,2.278721540673728E+03,7.454516155032509E-01,1.4470072322764172E+03,2.161159533914467E+03,1.9620653502514049E+03,0E+00,5.159121229200434E-02,1.3896221401790967E-01,1E+00,3.649916383163718E-01,4.96E+03,4.5941966545841295E-01
120,3E+00,71,1.273680664E+02,3.0568335936000003E+03,2.135699531681153E+03,6.986639822830403E-01,1.3503531789405865E+03,2.0208289946027621E+03,1.8308318038784223E+03,0E+00,5.378590732188278E-02,1.4274841721894702E-01,1E+00,3.677232406013441E-01,4.96E+03,4.305845830002325E-01
121,4E+00,55,1.198758272E+02,2.8770198528E+03,2.118530790432142E+03,7.363629376315655E-01,1.3657006815524594E+03,2.0110571305573535E+03,1.8278659793844108E+03,0E+00,5.073027985251315E-02,1.3720112653564068E-01,1E+00,3.553548111170567E-01,4.96E+03,4.2712314323228673E-01
122,5E+00,79,1.12383588E+02,2.697206112E+03,9.905441142993161E+02,3.6724820913475525E-01,6.357740865063674E+02,9.381753194266682E+02,8.509801778053238E+02,0E+00,5.286871540263719E-02,1.4089623518960173E-01,1E+00,3.5815671676965466E-01,4.96E+03,1.997064746571202E-01
123,6E+00,69,1.048913488E+02,2.5173923712E+03,1.4649490140210853E+03,5.819311406440657E-01,9.361670283847575E+02,1.3843918881000332E+03,1.253205572811921E+03,0E+00,5.4989713054882206E-02,1.4453980253412185E-01,1E+00,3.6095589715091403E-01,4.96E+03,2.9535262379457367E-01
124,6E+00,72,1.048913488E+02,2.5173923712E+03,1.3256199370016282E+03,5.265845531937188E-01,8.43546398642811E+02,1.2498559768982575E+03,1.1291570556451634E+03,0E+00,5.715360639093766E-02,1.4820453123301466E-01,1E+00,3.6365893790734766E-01,4.96E+03,2.672620840729089E-01
125,5E+00,55,1.12383588E+02,2.697206112E+03,2.1343995801026754E+03,7.913372176514909E-01,1.3525595689268378E+03,2.0077931316357458E+03,1.8103354035489424E+03,0E+00,5.9317125831161874E-02,1.5182919804460604E-01,1E+00,3.663044251246654E-01,4.96E+03,4.3032249598844263E-01
126,3E+00,45,1.273680664E+02,3.0568335936000003E+03,2.613336030584969E+03,8.549160268509322E-01,1.6492339227044822E+03,2.452540389876346E+03,2.206940105580577E+03,2.5639670111585965E+03,6.152888064403658E-02,1.5550848426997907E-01,1.8891186915339836E-02,3.689162421507204E-01,4.96E+03,5.268822642308406E-01
127,4E+00,58,1.198758272E+02,2.8770198528E+03,1.9993312503448808E+03,6.949313361181964E-01,1.2565521419718332E+03,1.871894477209305E+03,0E+00,1.9612808801354718E+03,6.373969951882322E-02,1E+00,1.903154877554459E-02,3.715137790423271E-01,4.96E+03,4.0309097789211307E-01
128,5E+00,61,1.12383588E+02,2.697206112E+03,1.8601141757223472E+03,6.896448022442964E-01,1.1643131767963089E+03,1.7373625334190983E+03,0E+00,1.8243280292034701E+03,6.599145574253804E-02,1E+00,1.9238682757191677E-02,3.7406359674444967E-01,4.96E+03,3.7502301929886034E-01
129,8E+00,52,8.99068704E+01,2.1577648896E+03,2.293600054029102E+03,1.062951791033305E+00,1.429952749132935E+03,2.1370440611295826E+03,0E+00,2.2489252349626345E+03,6.825775602180582E-02,1E+00,1.9478033665018567E-02,3.765466012171662E-01,4.96E+03,4.624193657316738E-01
130,5E+00,38,1.12383588E+02,2.697206112E+03,2.9678599692473454E+03,1.1003460047206601E+00,1.8431260188392241E+03,2.758564380876019E+03,0E+00,2.9092704090926914E+03,7.052070870594475E-02,1E+00,1.9741349242131747E-02,3.789713672688391E-01,4.96E+03,5.983588647676099E-01
131,6E+00,64,1.048913488E+02,2.5173923712E+03,1.7264459128559683E+03,6.858072395099059E-01,1.067980318687591E+03,1.6007861078558185E+03,0E+00,1.6918243126418192E+03,7.278525441453165E-02,1E+00,2.00536836725319E-02,3.813994920229574E-01,4.96E+03,3.4807377275321943E-01
132,7E+00,68,9.73991096E+01,2.3375786304000003E+03,1.5373469893661684E+03,6.576664285740419E-01,9.473951722496665E+02,1.4219659189535478E+03,0E+00,1.5059805029243764E+03,7.505206775744949E-02,1E+00,2.040299727956924E-02,3.837466890670744E-01,4.96E+03,3.099489897915662E-01
133,9E+00,58,8.24146312E+01,1.9779511488E+03,2.0213774867608504E+03,1.0219552125881353E+00,1.2410143978041312E+03,1.865053934560979E+03,0E+00,1.9793770974199945E+03,7.733516041596532E-02,1E+00,2.0778102861014523E-02,3.860551005775816E-01,4.96E+03,4.075357836211392E-01
134,7E+00,35,9.73991096E+01,2.3375786304000003E+03,3.1339641463532034E+03,1.340688225669195E+00,1.9172191633084803E+03,2.884542144998461E+03,0E+00,3.0675325159911454E+03,7.958674372359338E-02,1E+00,2.119731664427634E-02,3.882447042224693E-01,4.96E+03,6.318476101518555E-01
135,1E+01,69,7.4922392E+01,1.798137408E+03,1.4973315108339734E+03,8.327125080498705E-01,9.126429928900303E+02,1.3747409733209063E+03,0E+00,1.46492942583243E+03,8.18726759078138E-02,1E+00,2.1639887204067558E-02,3.904870188822028E-01,4.96E+03,3.0188135299072044E-01
136,1.1E+01,64,6.74301528E+01,1.6183236672E+03,1.7418548669935803E+03,1.0763328141936601E+00,1.0579140264829998E+03,1.595278388036465E+03,0E+00,1.7033243646343412E+03,8.414965088917226E-02,1E+00,2.2120386198272675E-02,3.9265087664338744E-01,4.96E+03,3.5118041673257666E-01
137,1.2E+01,68,5.99379136E+01,1.4385099264E+03,1.5509796935626957E+03,1.0781849086326163E+00,9.386739901138504E+02,1.416951614583572E+03,0E+00,1.5159221568308292E+03,8.641510880858339E-02,1E+00,2.260347887040177E-02,3.947864088680242E-01,4.96E+03,3.126975188634467E-01
138,7E+00,50,9.73991096E+01,2.3375786304000003E+03,2.4275784624955027E+03,1.038501306833089E+00,1.4643587551613923E+03,2.2124158191992237E+03,0E+00,2.3714593133052804E+03,8.863262161054751E-02,1E+00,2.3117336908868743E-02,3.967821111511838E-01,4.96E+03,4.894311416321578E-01
139,7E+00,72,9.73991096E+01,2.3375786304000003E+03,1.36171612689348E+03,5.825327581217948E-01,7.16110645606728E+02,1.237971500434986E+03,0E+00,1.329504551162471E+03,9.087402580800441E-02,1E+00,2.3655132736434655E-02,4.7411165112628084E-01,4.96E+03,2.7453954171239514E-01
140,7E+00,49,9.73991096E+01,2.3375786304000003E+03,2.4841728051691593E+03,1.062711975915041E+00,1.3043890337152197E+03,2.2530734311720043E+03,0E+00,2.4240788905961667E+03,9.302870296151505E-02,1E+00,2.4190714288453312E-02,4.7492017020675925E-01,4.96E+03,5.008412913647499E-01
141,7E+00,76,9.73991096E+01,2.3375786304000003E+03,1.1708488987732212E+03,5.008810756337504E-01,6.139430470556841E+02,1.0593549320805669E+03,0E+00,1.1418638842128867E+03,9.52248977724404E-02,1E+00,2.4755555213575524E-02,4.756428026716732E-01,4.96E+03,2.360582457204075E-01
142,6E+00,54,1.048913488E+02,2.5173923712E+03,2.24764001190344E+03,8.92844531356082E-01,1.1768776798999668E+03,2.0288466552902355E+03,0E+00,2.190705873845607E+03,9.734359392717735E-02,1E+00,2.5330630241636315E-02,4.763940516865447E-01,4.96E+03,4.5315322820633874E-01
143,7E+00,59,9.73991096E+01,2.3375786304000003E+03,2.0065580502541957E+03,8.583916811007289E-01,1.0492045357704026E+03,1.8068933740159289E+03,0E+00,1.95451761262523E+03,9.950605526362555E-02,1E+00,2.5935176718347618E-02,4.7711229404128785E-01,4.96E+03,4.04547994002862E-01
144,8E+00,59,8.99068704E+01,2.1577648896E+03,2.0095756207797017E+03,9.313227916838663E-01,1.049549999260643E+03,1.8054898348565291E+03,0E+00,1.9562844641804859E+03,1.0155665893477986E-01,1E+00,2.6518612212532402E-02,4.777255514010343E-01,4.96E+03,4.0515637515719793E-01
145,8E+00,64,8.99068704E+01,2.1577648896E+03,1.7670866453645435E+03,8.189430896209089E-01,9.218439043356991E+02,1.584012249553001E+03,0E+00,1.7191684998476196E+03,1.0360238774470222E-01,1E+00,2.7117032230775887E-02,4.783255780049619E-01,4.96E+03,3.562674688234967E-01
146,5E+00,70,1.12383588E+02,2.697206112E+03,1.4747147985237054E+03,5.467564350987595E-01,7.684854971828674E+02,1.3189472949743495E+03,0E+00,1.4338101912638942E+03,1.0562551057688602E-01,1E+00,2.7737300324618522E-02,4.788921234450375E-01,4.96E+03,2.973215319604245E-01
147,8E+00,40,8.99068704E+01,2.1577648896E+03,2.9530648158302024E+03,1.36857580270371E+00,1.5372706321610065E+03,2.6354812019998735E+03,0E+00,2.86943123315897E+03,1.0754373291364609E-01,1E+00,2.8320943794699776E-02,4.794321398161287E-01,4.96E+03,5.953759709335086E-01
148,9E+00,51,8.24146312E+01,1.9779511488E+03,2.4150029954392426E+03,1.2209619013616169E+00,1.255778080453868E+03,2.1506524870005665E+03,0E+00,2.345187598123547E+03,1.0946177248554333E-01,1E+00,2.8909031354223066E-02,4.800097213852664E-01,4.96E+03,4.868957652095247E-01
149,1.1E+01,51,6.74301528E+01,1.6183236672E+03,2.418117972665316E+03,1.4942115855285663E+00,1.2563649874065538E+03,2.148832891736448E+03,0E+00,2.3467359462794598E+03,1.1136143230929893E-01,1E+00,2.9519662478326786E-02,4.8043685146521037E-01,4.96E+03,4.875237848115556E-01
150,1E+01,44,7.4922392E+01,1.798137408E+03,2.7669585185333767E+03,1.5387914773493088E+00,1.436372632875677E+03,2.4539114478493707E+03,0E+00,2.6837068560392554E+03,1.1313760888975534E-01,1E+00,3.00877884277964E-02,4.8088392968138005E-01,4.96E+03,5.578545400268905E-01
151,1.2E+01,56,5.99379136E+01,1.4385099264E+03,1.9939688481559372E+03,1.386134924453405E+00,1.0366746034210125E+03,1.7679809687279464E+03,0E+00,1.9339172962228597E+03,1.133357121586874E-01,1E+00,3.011659484480636E-02,4.8009488494278624E-01,4.96E+03,4.020098484185357E-01
152,1E+01,48,7.4922392E+01,1.798137408E+03,2.3595009593520876E+03,1.3121916872729271E+00,1.2259199283446387E+03,2.088110746938417E+03,0E+00,2.2871246593077053E+03,1.1502017464243536E-01,1E+00,3.067441009401263E-02,4.804325365982166E-01,4.96E+03,4.757058385790499E-01
153,1E+01,63,7.4922392E+01,1.798137408E+03,1.6806166847357217E+03,9.346430796993472E-01,8.726167866515586E+02,1.4845834860177997E+03,0E+00,1.6281745980071921E+03,1.1664361094258004E-01,1E+00,3.1204073602765836E-02,4.8077583985858247E-01,4.96E+03,3.388340090192987E-01
154,1.1E+01,47,6.74301528E+01,1.6183236672E+03,2.4096770118976547E+03,1.4889957186789726E+00,1.2505346319462262E+03,2.1248968915195146E+03,0E+00,2.333233855459717E+03,1.1818186378176541E-01,1E+00,3.1723403618204346E-02,4.810364103687852E-01,4.96E+03,4.858219782051723E-01
155,1.2E+01,47,5.99379136E+01,1.4385099264E+03,2.4122660078210865E+03,1.6769199597099747E+00,1.2511808746499062E+03,2.1235826670319475E+03,0E+00,2.3345341361292844E+03,1.1967309569225187E-01,1E+00,3.222359036680815E-02,4.8132549619598014E-01,4.96E+03,4.8634395318973517E-01
156,1.2E+01,66,5.99379136E+01,1.4385099264E+03,1.5490391363145445E+03,1.0768359035179922E+00,8.031040718565143E+02,1.3614679176405423E+03,0E+00,1.4983815052673326E+03,1.2108875384534797E-01,1E+00,3.270261535659834E-02,4.815469454391902E-01,4.96E+03,3.1230627748277107E-01
157,1.1E+01,56,6.74301528E+01,1.6183236672E+03,2.0064171925646417E+03,1.2398120556662904E+00,1.0397843481592804E+03,1.7607067984141552E+03,0E+00,1.93984215619537E+03,1.2246226510669736E-01,1E+00,3.3181053579477274E-02,4.817706147991048E-01,4.96E+03,4.045195952751294E-01
158,1.3E+01,53,5.24456744E+01,1.2586961856E+03,2.1449261843373306E+03,1.7040857109731202E+00,1.111314135681814E+03,1.8795408528013947E+03,0E+00,2.0728252664639854E+03,1.2372702309003981E-01,1E+00,3.361463830309887E-02,4.8188700208107554E-01,4.96E+03,4.324447952293005E-01
159,1.3E+01,70,5.24456744E+01,1.2586961856E+03,1.3701986237738488E+03,1.0885856646341527E+00,7.097167684456524E+02,1.1990107716860646E+03,0E+00,1.3235701996345651E+03,1.2493652315625063E-01,1E+00,3.403041232873083E-02,4.8203365838236956E-01,4.96E+03,2.7624972253505015E-01
160,1.2E+01,58,5.99379136E+01,1.4385099264E+03,1.9195123948435335E+03,1.334375494820036E+00,9.939982334401011E+02,1.6775971020631391E+03,0E+00,1.8534800241684704E+03,1.260295549173121E-01,1E+00,3.440059613704431E-02,4.8216107584909573E-01,4.96E+03,3.869984667023253E-01
161,1.3E+01,55,5.24456744E+01,1.2586961856E+03,2.0579048931020775E+03,1.6349496539715878E+00,1.0656777910695528E+03,1.7964336266691655E+03,0E+00,1.9863710460901996E+03,1.2705702158993917E-01,1E+00,3.476052136891915E-02,4.821540127332346E-01,4.96E+03,4.1490018006090273E-01
162,1.3E+01,59,5.24456744E+01,1.2586961856E+03,1.8763437648796894E+03,1.490704259173763E+00,9.71553503776928E+02,1.6361400765502153E+03,0E+00,1.8104920569294975E+03,1.2801688732388325E-01,1E+00,3.5095758667876266E-02,4.8220921882125173E-01,4.96E+03,3.7829511388703413E-01
163,1.3E+01,70,5.24456744E+01,1.2586961856E+03,1.373568500033747E+03,1.091262939975455E+00,7.112494266116496E+02,1.1965093501598433E+03,0E+00,1.324951663696446E+03,1.2890449210909646E-01,1E+00,3.53945480957858E-02,4.821886010095782E-01,4.96E+03,2.7692913307131994E-01
164,1.2E+01,61,5.99379136E+01,1.4385099264E+03,1.7863918392133335E+03,1.2418349059877112E+00,9.250419907982941E+02,1.554785027003024E+03,0E+00,1.7227255486755275E+03,1.2965062150770984E-01,1E+00,3.563959996919963E-02,4.8217296424414285E-01,4.96E+03,3.601596450026882E-01
165,1.3E+01,42,5.24456744E+01,1.2586961856E+03,2.6578324094349823E+03,2.111575803471619E+00,1.3765470301938708E+03,2.311298112840141E+03,0E+00,2.5624491173497854E+03,1.3038229775688143E-01,1E+00,3.588762472253631E-02,4.8207907116065857E-01,4.96E+03,5.35853308353827E-01
166,1.3E+01,44,5.24456744E+01,1.2586961856E+03,2.56712068653962E+03,2.039507798552607E+00,1.3298954810162197E+03,2.2308428456190086E+03,0E+00,2.474468400399249E+03,1.309941689472733E-01,1E+00,3.6091908972640696E-02,4.819505417141615E-01,4.96E+03,5.175646545442781E-01
167,1.4E+01,47,4.49534352E+01,1.0788824448E+03,2.4305158669532416E+03,2.252808801058769E+00,1.2595013151703429E+03,2.110864146340203E+03,0E+00,2.342390191197787E+03,1.3151599829452496E-01,1E+00,3.6258012940242126E-02,4.817967114326297E-01,4.96E+03,4.9002336027283094E-01
168,1.3E+01,30,5.24456744E+01,1.2586961856E+03,3.2106930748379978E+03,2.550808615748297E+00,1.6643183478373758E+03,2.787026831348876E+03,0E+00,3.093873077777744E+03,1.3195476291688168E-01,1E+00,3.6384666592943614E-02,4.816326852041588E-01,4.96E+03,6.473171521850802E-01
169,1.4E+01,42,4.49534352E+01,1.0788824448E+03,2.660689007633174E+03,2.4661528421907026E+00,1.3798252554836952E+03,2.308733898454315E+03,0E+00,2.5636343360001374E+03,1.322796870168387E-01,1E+00,3.647727011860425E-02,4.814030307468651E-01,4.96E+03,5.36429235409914E-01
170,1.5E+01,31,3.7461196E+01,8.99068704E+02,3.1656795687068034E+03,3.521065247430527E+00,1.642418668650353E+03,2.7461205649310364E+03,0E+00,3.050046354631263E+03,1.3253362972145635E-01,1E+00,3.652713787541586E-02,4.811797489278772E-01,4.96E+03,6.382418485295974E-01
171,1.6E+01,38,2.99689568E+01,7.192549632E+02,2.8446887282313273E+03,3.955049146376648E+00,1.4766766274086808E+03,2.467275754281204E+03,0E+00,2.740743991876404E+03,1.3267285457441882E-01,1E+00,3.6539933288079265E-02,4.8090045397452047E-01,4.96E+03,5.73525953272445E-01
172,1.6E+01,47,2.99689568E+01,7.192549632E+02,2.431627167985383E+03,3.3807582740436803E+00,1.2630739317960533E+03,2.108871399999536E+03,0E+00,2.3428151397634456E+03,1.3273242388274994E-01,1E+00,3.6523702889665784E-02,4.8056431165698915E-01,4.96E+03,4.9024741290027884E-01
173,1.7E+01,63,2.24767176E+01,5.394412224E+02,1.697387909819257E+03,3.146566927658024E+00,8.822011406609713E+02,1.4721322507835066E+03,0E+00,1.6355010692514202E+03,1.3270723665030476E-01,1E+00,3.646004558523491E-02,4.802595590804516E-01,4.96E+03,3.4221530439904374E-01
174,1.6E+01,43,2.99689568E+01,7.192549632E+02,2.614527479859533E+03,3.6350496188825363E+00,1.3598915490235688E+03,2.2679088678701128E+03,0E+00,2.519424877432941E+03,1.325740940416669E-01,1E+00,3.637468076323353E-02,4.7987100556440515E-01,4.96E+03,5.271224757781316E-01
175,1.5E+01,40,3.7461196E+01,8.99068704E+02,2.7514953952382066E+03,3.0603839094795213E+00,1.4321889742386616E+03,2.387279027667089E+03,0E+00,2.6517847544429474E+03,1.323703351281044E-01,1E+00,3.6238708946349736E-02,4.7948705394265356E-01,4.96E+03,5.547369748464126E-01
176,1.5E+01,48,3.7461196E+01,8.99068704E+02,2.384041261211579E+03,2.651678621005118E+00,1.2420598175614227E+03,2.069224230177209E+03,0E+00,2.2980412441720896E+03,1.3205183826154876E-01,1E+00,3.607320831174874E-02,4.7901077142842613E-01,4.96E+03,4.806534800829796E-01
177,1.6E+01,49,2.99689568E+01,7.192549632E+02,2.337441901090031E+03,3.2498099014717106E+00,1.218783755294746E+03,2.0297456850066726E+03,0E+00,2.253612633123928E+03,1.3163801673096945E-01,1E+00,3.58636798317899E-02,4.785822249843367E-01,4.96E+03,4.712584478004095E-01
178,1.5E+01,38,3.7461196E+01,8.99068704E+02,2.8405992137100457E+03,3.1594907052954717E+00,1.482757085053845E+03,2.467978635589836E+03,0E+00,2.739345575208499E+03,1.3117675183523628E-01,1E+00,3.5645168812569426E-02,4.7801256935601E-01,4.96E+03,5.727014543770254E-01
179,1.5E+01,59,3.7461196E+01,8.99068704E+02,1.8777138320155318E+03,2.08850983652472E+00,9.810846606177466E+02,1.632496774172639E+03,0E+00,1.8112888760617666E+03,1.3059341293751756E-01,1E+00,3.537544157219373E-02,4.775110861463626E-01,4.96E+03,3.785713370999056E-01
180,1.6E+01,62,2.99689568E+01,7.192549632E+02,1.7393047763472916E+03,2.4182033706226242E+00,9.097872934299404E+02,1.5133889048211415E+03,0E+00,1.678337589833246E+03,1.2988860526249763E-01,1E+00,3.505261834678714E-02,4.7692474268909796E-01,4.96E+03,3.5066628555388946E-01
181,1.3E+01,49,5.24456744E+01,1.2586961856E+03,2.1389429840014036E+03,1.6993322204927508E+00,1.1227547766338214E+03,1.86614076931446E+03,0E+00,2.0660882110846696E+03,1.2754066692165963E-01,1E+00,3.406111030619528E-02,4.7508896448775817E-01,4.96E+03,4.312385048389927E-01
182,1.5E+01,71,3.7461196E+01,8.99068704E+02,1.2154522385861858E+03,1.3519013988347945E+00,6.387920436655584E+02,1.0614739873944939E+03,0E+00,1.1745098185091317E+03,1.266839175604296E-01,1E+00,3.3684927122005555E-02,4.7444085140803116E-01,4.96E+03,2.450508545536665E-01
183,1.4E+01,65,4.49534352E+01,1.0788824448E+03,1.4659496527326246E+03,1.3587668052235087E+00,7.71404952486062E+02,1.281601896079858E+03,0E+00,1.417141238347188E+03,1.2575312959018092E-01,1E+00,3.329474125830619E-02,4.7378482538734296E-01,4.96E+03,2.9555436547028724E-01
184,1.3E+01,69,5.24456744E+01,1.2586961856E+03,1.2974581625728679E+03,1.0307953399845973E+00,6.836999833682216E+02,1.135632923277333E+03,0E+00,1.2548126038492346E+03,1.2472482270613969E-01,1E+00,3.2868542473128086E-02,4.730466052081092E-01,4.96E+03,2.6158430697033624E-01
185,1.3E+01,66,5.24456744E+01,1.2586961856E+03,1.4219944829447033E+03,1.1297360707157953E+00,7.502341107800645E+02,1.246163701140855E+03,0E+00,1.3759024280529115E+03,1.2365081855995202E-01,1E+00,3.241366646960762E-02,4.724071578488405E-01,4.96E+03,2.866924360775612E-01
186,1.5E+01,52,3.7461196E+01,8.99068704E+02,2.0057485603338632E+03,2.2309180059434737E+00,1.059856570545738E+03,1.760080137088667E+03,0E+00,1.9416733017204456E+03,1.224821635690486E-01,1E+00,3.194580810405867E-02,4.7159051163954396E-01,4.96E+03,4.043847903898918E-01
187,1.6E+01,50,2.99689568E+01,7.192549632E+02,2.0874349225670167E+03,2.9022183083449544E+00,1.1046225621780343E+03,1.834357942793955E+03,0E+00,2.021792540522335E+03,1.2123826090915482E-01,1E+00,3.144643281332001E-02,4.708229941752492E-01,4.96E+03,4.208538150336727E-01
188,1.6E+01,56,2.99689568E+01,7.192549632E+02,1.8351665410543242E+03,2.5514826243111064E+00,9.726597099469573E+02,1.6150731173512609E+03,0E+00,1.7784055536230492E+03,1.1993103556509767E-01,1E+00,3.092961110693816E-02,4.699883153993462E-01,4.96E+03,3.6999325424482343E-01
189,1.6E+01,43,2.99689568E+01,7.192549632E+02,2.3749989142661125E+03,3.3020264520659373E+00,1.260786921335964E+03,2.0935332481827954E+03,0E+00,2.3028124172951484E+03,1.1851191358135484E-01,1E+00,3.039432840889119E-02,4.691421062288974E-01,4.96E+03,4.788304262633291E-01
190,1.6E+01,67,2.99689568E+01,7.192549632E+02,1.3735164292368106E+03,1.9096377494928498E+00,7.303057297621359E+02,1.2127170485183033E+03,0E+00,1.3325402706918007E+03,1.1707131949477648E-01,1E+00,2.983303124213674E-02,4.682948713122218E-01,4.96E+03,2.769186349267763E-01
191,1.6E+01,65,2.99689568E+01,7.192549632E+02,1.455271067353232E+03,2.0233034762508426E+00,7.751076169140565E+02,1.287102001597425E+03,0E+00,1.412668544919187E+03,1.1555858528931232E-01,1E+00,2.9274630266324264E-02,4.673792159396255E-01,4.96E+03,2.9340142486960324E-01
192,1.4E+01,51,4.49534352E+01,1.0788824448E+03,2.0351130266622613E+03,1.8863158228879369E+00,1.0858459828052778E+03,1.80318510002081E+03,0E+00,1.9767272652332363E+03,1.13963167452095E-01,1E+00,2.8689198419992436E-02,4.6644438486733736E-01,4.96E+03,4.1030504569803655E-01
193,1.6E+01,57,2.99689568E+01,7.192549632E+02,1.7836299137277185E+03,2.47982983084644E+00,9.533284795947794E+02,1.5833826466464998E+03,0E+00,1.7335367199478198E+03,1.1226951596853946E-01,1E+00,2.8084970651342026E-02,4.655121714109631E-01,4.96E+03,3.5960280518704E-01
194,1.7E+01,60,2.24767176E+01,5.394412224E+02,1.657503701214377E+03,3.072630774934224E+00,8.874831494036071E+02,1.4741676592540834E+03,0E+00,1.6119301407189978E+03,1.1060973307388183E-01,1E+00,2.7495299384242482E-02,4.645664146913284E-01,4.96E+03,3.341741333093502E-01
195,1.6E+01,63,2.99689568E+01,7.192549632E+02,1.5311090903196273E+03,2.1287431698874193E+00,8.213653336555981E+02,1.3644847388875355E+03,0E+00,1.4899541160013384E+03,1.0882591742519679E-01,1E+00,2.6879191416529E-02,4.635487837877485E-01,4.96E+03,3.0869134885476357E-01
196,1.6E+01,54,2.99689568E+01,7.192549632E+02,1.9009745844561223E+03,2.642977360904949E+00,1.0217541805046347E+03,1.6975952877087482E+03,0E+00,1.8510480433493562E+03,1.0698685737850717E-01,1E+00,2.6263655240319893E-02,4.6251034134842817E-01,4.96E+03,3.8326100493066984E-01
197,1.6E+01,39,2.99689568E+01,7.192549632E+02,2.5175425255989403E+03,3.5002087637995185E+00,1.355608581945457E+03,2.2528976345631545E+03,0E+00,2.452984377854706E+03,1.051203260103124E-01,1E+00,2.564331966105537E-02,4.6153498176840196E-01,4.96E+03,5.075690575804315E-01
198,1.6E+01,42,2.99689568E+01,7.192549632E+02,2.3905834036459696E+03,3.323693997202534E+00,1.2897999994339148E+03,2.143785529516711E+03,0E+00,2.3307170153178536E+03,1.0323750836421677E-01,1E+00,2.5042585101532833E-02,4.6046642946370675E-01,4.96E+03,4.8197246041249386E-01
199,1.7E+01,44,2.24767176E+01,5.394412224E+02,2.3048564117551705E+03,4.272673863337238E+00,1.2461883324866901E+03,2.071500131219371E+03,0E+00,2.2485651385647257E+03,1.0124547427147397E-01,1E+00,2.442289806139318E-02,4.5932062139276364E-01,4.96E+03,4.646887926925747E-01
200,1.7E+01,57,2.24767176E+01,5.394412224E+02,1.7671741547869415E+03,3.275934580832919E+00,9.573177004833605E+02,1.5917691805282618E+03,0E+00,1.7250714936374368E+03,9.925732208313513E-02,1E+00,2.382485112486305E-02,4.5827767009257836E-01,4.96E+03,3.5628511185220596E-01
201,1.6E+01,55,2.99689568E+01,7.192549632E+02,1.846693698023486E+03,2.567509148365771E+00,1.0024464577150728E+03,1.6671651854214242E+03,0E+00,1.8037997429095424E+03,9.721618305960053E-02,1E+00,2.3227433526119112E-02,4.5716690386283876E-01,4.96E+03,3.723172778273157E-01
202,1.5E+01,68,3.7461196E+01,8.99068704E+02,1.3113627038986212E+03,1.4585789696207925E+00,7.133498195801097E+02,1.1865982789954603E+03,0E+00,1.2816866163375162E+03,9.514105024661901E-02,1E+00,2.2629961545253218E-02,4.560240142110543E-01,4.96E+03,2.643876419150446E-01
203,1.6E+01,43,2.99689568E+01,7.192549632E+02,2.3320511038475797E+03,3.242314927480197E+00,1.2710671731078592E+03,2.1151194987251915E+03,0E+00,2.280641538048265E+03,9.302180589631136E-02,1E+00,2.2044785259849542E-02,4.549574102339506E-01,4.96E+03,4.701715935176572E-01
204,1.4E+01,51,4.49534352E+01,1.0788824448E+03,2.0015183176317696E+03,1.8551773896022612E+00,1.0933434018094392E+03,1.8196065218532274E+03,0E+00,1.9584985625285476E+03,9.088690029766172E-02,1E+00,2.1493560525653307E-02,4.5374299491642844E-01,4.96E+03,4.035319188773729E-01
205,1.5E+01,43,3.7461196E+01,8.99068704E+02,2.3249427572770855E+03,2.585945597853983E+00,1.2725961945126407E+03,2.1186024062034994E+03,0E+00,2.276234104538913E+03,8.875072318565243E-02,1E+00,2.0950473978644937E-02,4.5263332160355063E-01,4.96E+03,4.6873845912844464E-01
206,1.6E+01,53,2.99689568E+01,7.192549632E+02,1.9138767989232963E+03,2.660915665299501E+00,1.0497998383848817E+03,1.7481859130498017E+03,0E+00,1.8747650099983666E+03,8.657343354948892E-02,1E+00,2.0435896891029225E-02,4.5147992860591896E-01,4.96E+03,3.8586225784743877E-01
207,1.7E+01,51,2.24767176E+01,5.394412224E+02,1.992050596411874E+03,3.6928038008462627E+00,1.0949619543706644E+03,1.8239681126921025E+03,0E+00,1.9523694695440718E+03,8.437661373788673E-02,1E+00,1.9919738454071745E-02,4.5033426543335076E-01,4.96E+03,4.0162310411529717E-01
208,1.6E+01,60,2.99689568E+01,7.192549632E+02,1.6235978375279547E+03,2.2573328243777278E+00,8.943785777227458E+02,1.4901828342802798E+03,0E+00,1.5920185637521038E+03,8.217244453269833E-02,1E+00,1.9450182210104784E-02,4.4913786095915104E-01,4.96E+03,3.2733827369515217E-01
209,1.5E+01,76,3.7461196E+01,8.99068704E+02,9.724778936213913E+02,1.0816502557533036E+00,5.368855365411237E+02,8.947569502640802E+02,0E+00,9.540022497680868E+02,7.992052453540885E-02,1E+00,1.899852323069612E-02,4.4792006063826695E-01,4.96E+03,1.9606409145592568E-01
210,1.5E+01,76,3.7461196E+01,8.99068704E+02,9.709252120295703E+02,1.0799232669426455E+00,5.371542747410681E+02,8.954505208376765E+02,0E+00,9.528781100589559E+02,7.773481443964717E-02,1E+00,1.8587530478160818E-02,4.467604012277842E-01,4.96E+03,1.9575105081241337E-01
211,1.4E+01,51,4.49534352E+01,1.0788824448E+03,2.254934430444691E+03,2.0900649939324056E+00,1.2450437864386338E+03,2.080718587803673E+03,0E+00,2.213007284422833E+03,7.725982640065557E-02,1E+00,1.8593510062103896E-02,4.478580974999343E-01,4.96E+03,4.5462387710578445E-01
212,1.5E+01,45,3.7461196E+01,8.99068704E+02,2.5265194845597007E+03,2.8101517418180544E+00,1.3979796275595259E+03,2.337109544831876E+03,0E+00,2.480538509960681E+03,7.496872313289658E-02,1E+00,1.8199335045711345E-02,4.466776780852124E-01,4.96E+03,5.093789283386493E-01
213,1.5E+01,47,3.7461196E+01,8.99068704E+02,2.430653884739033E+03,2.703524073215914E+00,1.3477560376083607E+03,2.253873853990736E+03,0E+00,2.387223545035495E+03,7.272941320778674E-02,1E+00,1.7867759772881464E-02,4.4551709066012807E-01,4.96E+03,4.9005118643932116E-01
214,1.6E+01,60,2.99689568E+01,7.192549632E+02,1.8311775688529426E+03,2.5459366463123803E+00,1.0174935620759234E+03,1.7021603221171156E+03,0E+00,1.7990324507110483E+03,7.045589075047695E-02,1E+00,1.755434245627531E-02,4.4435013873980245E-01,4.96E+03,3.6918902597841585E-01
215,1.5E+01,68,3.7461196E+01,8.99068704E+02,1.462454495391899E+03,1.6266326353985723E+00,8.143697317599232E+02,1.3627080562647961E+03,0E+00,1.4371578327155917E+03,6.820481556273894E-02,1E+00,1.7297401564298664E-02,4.431486693596619E-01,4.96E+03,2.9484969665159255E-01
216,1.6E+01,51,2.99689568E+01,7.192549632E+02,2.2356112338893654E+03,3.108231918126812E+00,1.2474336708746255E+03,2.08811138532563E+03,0E+00,2.1974359232016395E+03,6.597741428733347E-02,1E+00,1.7076005930293608E-02,4.420167281480222E-01,4.96E+03,4.507280713486624E-01
217,1.5E+01,57,3.7461196E+01,8.99068704E+02,1.9584568651962236E+03,2.1783172481512865E+00,1.0949832379849554E+03,1.8335952377457406E+03,0E+00,1.9253521775570375E+03,6.375510723233245E-02,1E+00,1.6903455076029573E-02,4.408948915628806E-01,4.96E+03,3.948501744347225E-01
218,1.5E+01,46,3.7461196E+01,8.99068704E+02,2.4550289482678554E+03,2.7306355313507336E+00,1.3753283404624474E+03,2.3040060972448077E+03,0E+00,2.4138865060694757E+03,6.1515710896037294E-02,1E+00,1.6758434652026474E-02,4.397913957663067E-01,4.96E+03,4.9496551376368053E-01
219,1.4E+01,45,4.49534352E+01,1.0788824448E+03,2.496223143078601E+03,2.3137118924400917E+00,1.4014163335779713E+03,2.3481128140146125E+03,0E+00,2.454558576858509E+03,5.933376968908468E-02,1E+00,1.6691042359581288E-02,4.3858531339085355E-01,4.96E+03,5.032707949755244E-01
220,1.6E+01,61,2.99689568E+01,7.192549632E+02,1.7669499812912345E+03,2.456639261034764E+00,9.939165780620244E+02,1.6659338962202858E+03,0E+00,1.7374976980673775E+03,5.716974795015377E-02,1E+00,1.666843064925594E-02,4.3749591749297867E-01,4.96E+03,3.562399155829102E-01
221,1.5E+01,63,3.7461196E+01,8.99068704E+02,1.673436818332425E+03,1.8613002664726555E+00,9.431059091890481E+02,1.5813429132240854E+03,0E+00,1.6454907505719443E+03,5.503279484439156E-02,1E+00,1.669980453061188E-02,4.364257443977775E-01,4.96E+03,3.3738645530895667E-01
222,1.4E+01,52,4.49534352E+01,1.0788824448E+03,2.167122641147806E+03,2.008673559935013E+00,1.2235869322547128E+03,2.0524399988521436E+03,0E+00,2.130775716309271E+03,5.291931343346648E-02,1E+00,1.6771974113695826E-02,4.353863925270764E-01,4.96E+03,4.369198873281867E-01
223,1.3E+01,61,5.24456744E+01,1.2586961856E+03,1.7578672233231732E+03,1.396577858449E+00,9.944064879739633E+02,1.6684913000246393E+03,0E+00,1.7281510790737834E+03,5.084338686830531E-02,1E+00,1.6904658016896477E-02,4.343108087002838E-01,4.96E+03,3.5440871437967203E-01
224,1.4E+01,42,4.49534352E+01,1.0788824448E+03,2.6098075196968375E+03,2.418991552115426E+00,1.4790492498031226E+03,2.4824656557108224E+03,0E+00,2.565134280076363E+03,4.8793584593858276E-02,1E+00,1.7117446127085906E-02,4.332726690990096E-01,4.96E+03,5.261708709066205E-01
225,1.6E+01,46,2.99689568E+01,7.192549632E+02,2.4253795315391353E+03,3.372072012890262E+00,1.3769917089046926E+03,2.3119307178117365E+03,0E+00,2.383252868425665E+03,4.677569520651667E-02,1E+00,1.7369101439862943E-02,4.322572236639354E-01,4.96E+03,4.889878087780515E-01
226,1.5E+01,55,3.7461196E+01,8.99068704E+02,2.017731950860758E+03,2.244246676459509E+00,1.1475329869121433E+03,1.9273303402409445E+03,0E+00,1.9820515276407402E+03,4.4803577889148426E-02,1E+00,1.7683430747476858E-02,4.3127580131612153E-01,4.96E+03,4.068007965445076E-01
227,1.4E+01,58,4.49534352E+01,1.0788824448E+03,1.8801994263436918E+03,1.7427287239734794E+00,1.0711406936339652E+03,1.7995800797864963E+03,0E+00,1.846249039490776E+03,4.287808273294241E-02,1E+00,1.805680098463653E-02,4.3030474394040924E-01,4.96E+03,3.7907246498864755E-01
228,1.3E+01,47,5.24456744E+01,1.2586961856E+03,2.368728807184264E+03,1.8818908282105657E+00,1.3517380896121679E+03,2.271607087577632E+03,0E+00,2.3248861707289147E+03,4.1001620494530995E-02,1E+00,1.8508930326838705E-02,4.293402919268774E-01,4.96E+03,4.77566291771021E-01
229,1.3E+01,47,5.24456744E+01,1.2586961856E+03,2.364816854674613E+03,1.8787828879828876E+00,1.351642043950669E+03,2.2722679265060387E+03,0E+00,2.319839726034129E+03,3.913576985280237E-02,1E+00,1.9019286229957248E-02,4.2843690356873393E-01,4.96E+03,4.767775916682687E-01
230,1.2E+01,44,5.99379136E+01,1.4385099264E+03,2.4943925261032587E+03,1.7340113407112174E+00,1.427905626796269E+03,2.4012589294892655E+03,0E+00,2.4455344852393455E+03,3.733718556296612E-02,1E+00,1.9587150118766283E-02,4.2755375833853065E-01,4.96E+03,5.029017189724312E-01
231,1.4E+01,55,4.49534352E+01,1.0788824448E+03,2.0012276596141342E+03,1.854907983033421E+00,1.34969852463292E+03,1.9300137186652535E+03,0E+00,1.9607476634265151E+03,3.558512726263829E-02,1E+00,2.0227581801175083E-02,3.2556472615756193E-01,4.96E+03,4.034733184705916E-01
232,1.4E+01,60,4.49534352E+01,1.0788824448E+03,1.7760441465519264E+03,1.6461887531047592E+00,1.2022564098110502E+03,1.71584705570875E+03,0E+00,1.7388653466753817E+03,3.389391584665568E-02,1E+00,2.093348858964171E-02,3.230706499356154E-01,4.96E+03,3.5807341664353354E-01
233,1.5E+01,61,3.7461196E+01,8.99068704E+02,1.7288654813784133E+03,1.9229514648731598E+00,1.174802537415086E+03,1.6731099943071413E+03,0E+00,1.6913021518520377E+03,3.224975434573333E-02,1E+00,2.1727155716259865E-02,3.2047776413557433E-01,4.96E+03,3.485615889875833E-01
234,1.4E+01,65,4.49534352E+01,1.0788824448E+03,1.5492010623423084E+03,1.4359312915036768E+00,1.0567020470040704E+03,1.5016870122358844E+03,0E+00,1.514197752015426E+03,3.067003454966996E-02,1E+00,2.2594427009983712E-02,3.179051624155267E-01,4.96E+03,3.1233892385933637E-01
235,1.3E+01,61,5.24456744E+01,1.2586961856E+03,1.7235967223056118E+03,1.3693508743605203E+00,1.1799940119722005E+03,1.673399873144672E+03,0E+00,1.6830956744902485E+03,2.9123314352671043E-02,1E+00,2.3497983774990072E-02,3.1538857280155874E-01,4.96E+03,3.4749933917451853E-01
236,1.2E+01,69,5.99379136E+01,1.4385099264E+03,1.3680709324424593E+03,9.510333626033289E-01,9.400103030542462E+02,1.3302154253611516E+03,0E+00,1.3345415500070862E+03,2.7670719539171086E-02,1E+00,2.4508511686241234E-02,3.128935928957888E-01,4.96E+03,2.758207525085603E-01
237,1.3E+01,72,5.24456744E+01,1.2586961856E+03,1.2338320061702386E+03,9.802460834360048E-01,8.508110968572726E+02,1.201438985570587E+03,0E+00,1.2022847570238166E+03,2.6253996036460614E-02,1E+00,2.5568512559779773E-02,3.1043197728501665E-01,4.96E+03,2.4875645285690295E-01
238,1.3E+01,64,5.24456744E+01,1.2586961856E+03,1.5840168549532636E+03,1.2584584533385144E+00,1.0961362655729856E+03,1.5445715444967493E+03,0E+00,1.541692769904702E+03,2.490207748305701E-02,1E+00,2.671946634672052E-02,3.080021452137093E-01,4.96E+03,3.193582368857386E-01
239,1.2E+01,61,5.99379136E+01,1.4385099264E+03,1.7135738977013048E+03,1.1912145104133394E+00,1.1899676811511704E+03,1.6731312726325891E+03,0E+00,1.665716773307449E+03,2.360133118447242E-02,1E+00,2.7928252442485445E-02,3.055638378085313E-01,4.96E+03,3.4547860840752115E-01
240,1.2E+01,57,5.99379136E+01,1.4385099264E+03,1.8868119915454079E+03,1.3116433588104073E+00,1.314790415261289E+03,1.844561683190445E+03,0E+00,1.8316871042765636E+03,2.2392431542878673E-02,1E+00,2.9215887706805357E-02,3.031682959655139E-01,4.96E+03,3.8040564345673544E-01
241,1.4E+01,77,4.49534352E+01,1.0788824448E+03,1.3745004632088305E+03,1.2740039193645711E+00,9.455049616936368E+02,1.342966257641526E+03,0E+00,1.3343826670203844E+03,2.2942302612024273E-02,1E+00,2.918718273458364E-02,3.121101178195933E-01,4.96E+03,2.771170288727481E-01
242,1.4E+01,61,4.49534352E+01,1.0788824448E+03,2.327658657110747E+03,2.1574719918093033E+00,1.606306165523183E+03,2.2770244183956165E+03,0E+00,2.2565295862392904E+03,2.1753292116285395E-02,1E+00,3.0558205196524253E-02,3.0990475746257284E-01,4.96E+03,4.692860195787796E-01
243,1.4E+01,64,4.49534352E+01,1.0788824448E+03,2.1458119654345082E+03,1.9889210133846347E+00,1.4853190244262216E+03,2.101527706797075E+03,0E+00,2.07718021468671E+03,2.0637529919107316E-02,1E+00,3.1984046996355056E-02,3.0780560069928703E-01,4.96E+03,4.3262338012792506E-01
244,1.4E+01,50,4.49534352E+01,1.0788824448E+03,2.9767240212775546E+03,2.7590809690386338E+00,2.0667326567404352E+03,2.9183966280862455E+03,0E+00,2.8769704892575287E+03,1.959449138529003E-02,1E+00,3.3511179171125616E-02,3.057022948827376E-01,4.96E+03,6.00145972031765E-01
245,1.6E+01,57,2.99689568E+01,7.192549632E+02,2.5569765980514703E+03,3.555035041642755E+00,1.7807499503659656E+03,2.509379654821149E+03,0E+00,2.467187594832312E+03,1.8614540026135797E-02,1E+00,3.511530112852111E-02,3.035720578268194E-01,4.96E+03,5.155194754136029E-01
246,1.1E+01,56,6.74301528E+01,1.6183236672E+03,2.613451944251098E+03,1.6149130098139481E+00,1.8252810821477542E+03,2.567163020203738E+03,0E+00,2.517358573953468E+03,1.7711794605285717E-02,1E+00,3.676875349057411E-02,3.015823052867343E-01,4.96E+03,5.269056339215924E-01
247,1.1E+01,69,6.74301528E+01,1.6183236672E+03,1.8393244443041297E+03,1.1365615430234064E+00,1.288277038790436E+03,1.8082861537702095E+03,0E+00,1.768469807203292E+03,1.6874831751427566E-02,1E+00,3.852209832814132E-02,2.9959228086166767E-01,4.96E+03,3.708315411903487E-01
248,1E+01,49,7.4922392E+01,1.798137408E+03,3.0228831984535045E+03,1.6811191319442838E+00,2.122916043857766E+03,2.974153546195746E+03,0E+00,2.9009902157068673E+03,1.612025641039925E-02,1E+00,4.032341799014832E-02,2.977181371268854E-01,4.96E+03,6.094522577527227E-01
249,1E+01,63,7.4922392E+01,1.798137408E+03,2.190735803413203E+03,1.218336148097756E+00,1.542751555474083E+03,2.1569458635125507E+03,0E+00,2.098238797745347E+03,1.5424014090611459E-02,1E+00,4.222188979782235E-02,2.9578383980831896E-01,4.96E+03,4.4168060552685545E-01
250,1E+01,34,7.4922392E+01,1.798137408E+03,3.9041948314746114E+03,2.1712438738578377E+00,2.7566060687122035E+03,3.8463303773824923E+03,0E+00,3.731611059773577E+03,1.4821097970221905E-02,1E+00,4.4204702672548224E-02,2.939373705202526E-01,4.96E+03,7.871360547327846E-01
251,1.1E+01,53,6.74301528E+01,1.6183236672E+03,2.7778806880545467E+03,1.7165173718683824E+00,1.9660958012895194E+03,2.7382013382079117E+03,0E+00,2.6494324686128075E+03,1.4284036754085285E-02,1E+00,4.623964592651255E-02,2.922317327219516E-01,4.96E+03,5.600565903335779E-01
252,1E+01,58,7.4922392E+01,1.798137408E+03,2.480240387609315E+03,1.3793386292808356E+00,1.7598832133550948E+03,2.445971798675969E+03,0E+00,2.3602628909931254E+03,1.3816640154939717E-02,1E+00,4.837333397825797E-02,2.9043845018126124E-01,4.96E+03,5.000484652438135E-01
253,1E+01,72,7.4922392E+01,1.798137408E+03,1.6521090526094754E+03,9.18789101021514E-01,1.1750506661646996E+03,1.6299414349406081E+03,0E+00,1.5686105330778041E+03,1.3417769023088312E-02,1E+00,5.0540561714002286E-02,2.887572014034249E-01,4.96E+03,3.3308650254223293E-01
254,1E+01,72,7.4922392E+01,1.798137408E+03,1.6510125502640612E+03,9.181793020481231E-01,1.1769101114648142E+03,1.6293710673253072E+03,0E+00,1.5638177200300481E+03,1.310800631727055E-02,1E+00,5.28129421063864E-02,2.8715859169175895E-01,4.96E+03,3.328654335209801E-01
255,9E+00,61,8.24146312E+01,1.9779511488E+03,2.2979263397179257E+03,1.1617710281227374E+00,1.6416980399452907E+03,2.268344697654311E+03,0E+00,2.1711836945252503E+03,1.2873189863538477E-02,1E+00,5.515522538822258E-02,2.855741232563565E-01,4.96E+03,4.632916007495818E-01
256,9E+00,58,8.24146312E+01,1.9779511488E+03,2.473129124093762E+03,1.2503489409200934E+00,1.770589682772488E+03,2.4417237709733736E+03,0E+00,2.3308560813869562E+03,1.2698630578739588E-02,1E+00,5.752754327331741E-02,2.840690502072787E-01,4.96E+03,4.986147427608391E-01
257,8E+00,80,8.99068704E+01,2.1577648896E+03,1.1771035313062005E+03,5.455198279384407E-01,8.444097276926249E+02,1.1622530857999832E+03,0E+00,1.1064402865509355E+03,1.2616091202902283E-02,1E+00,6.003146101927999E-02,2.8263767354804736E-01,4.96E+03,2.3731926034399203E-01
258,8E+00,87,8.99068704E+01,2.1577648896E+03,7.647461981144891E+02,3.544159059221023E-01,5.497097784551316E+02,7.551103295693281E+02,0E+00,7.168796205962199E+02,1.2600086890158523E-02,1E+00,6.259145535641249E-02,2.811866475303021E-01,4.96E+03,1.541827012327599E-01
259,7E+00,66,9.73991096E+01,2.3375786304000003E+03,1.9990818184901964E+03,8.551934007662103E-01,1.439557322528041E+03,1.9737907131672664E+03,0E+00,1.8688149773639577E+03,1.2651360784237847E-02,1E+00,6.516333644844131E-02,2.7989074323367885E-01,4.96E+03,4.0304068921173314E-01
260,6E+00,81,1.048913488E+02,2.5173923712E+03,1.1167600664594263E+03,4.436178004015659E-01,8.055987204236827E+02,1.1024654129274008E+03,0E+00,1.040979530069747E+03,1.2800111645597419E-02,1E+00,6.785749120662407E-02,2.786286467264619E-01,4.96E+03,2.251532392055295E-01
261,7E+00,65,9.73991096E+01,2.3375786304000003E+03,2.056376352496932E+03,8.797036068664995E-01,1.4860171240461696E+03,2.0296429729193173E+03,0E+00,1.9111744197631874E+03,1.3000236821997262E-02,1E+00,7.061058281351815E-02,2.77361304878949E-01,4.96E+03,4.1459200655180084E-01
262,7E+00,66,9.73991096E+01,2.3375786304000003E+03,1.99701626296796E+03,8.543097703739001E-01,1.4453914634729224E+03,1.970499354905686E+03,0E+00,1.8504280138398692E+03,1.3278263454331972E-02,1E+00,7.340363313327843E-02,2.762244903680526E-01,4.96E+03,4.02624246566121E-01
263,7E+00,66,9.73991096E+01,2.3375786304000003E+03,1.9966822301427605E+03,8.541668734373626E-01,1.447376453639406E+03,1.9694639437272042E+03,0E+00,1.8443596214752629E+03,1.363175672355755E-02,1E+00,7.628785711014563E-02,2.7510926286156206E-01,4.96E+03,4.025569012384598E-01
264,7E+00,71,9.73991096E+01,2.3375786304000003E+03,1.7028379865619834E+03,7.284623346640529E-01,1.2361727408648253E+03,1.6788972991855965E+03,0E+00,1.5679451940221134E+03,1.4059286652820663E-02,1E+00,7.92164572345591E-02,2.7405146548283876E-01,4.96E+03,3.4331411019394825E-01
265,7E+00,68,9.73991096E+01,2.3375786304000003E+03,1.8787762463931253E+03,8.037275075840482E-01,1.3656844773053626E+03,1.8514164884046875E+03,0E+00,1.724310945317408E+03,1.4562541995601171E-02,1E+00,8.221591122000814E-02,2.730989228082888E-01,4.96E+03,3.7878553354700106E-01
266,7E+00,61,9.73991096E+01,2.3375786304000003E+03,2.2898145061765376E+03,9.795668374093198E-01,1.66657976125504E+03,2.2551646610745074E+03,0E+00,2.094546529253979E+03,1.5132162456201465E-02,1E+00,8.527676647861374E-02,2.7217695723404073E-01,4.96E+03,4.616561504388181E-01
267,6E+00,66,1.048913488E+02,2.5173923712E+03,1.9964524683842747E+03,7.930636841616383E-01,1.454810337023986E+03,1.9649791360204415E+03,0E+00,1.8200030908559688E+03,1.576462894170696E-02,1E+00,8.838145677022098E-02,2.713022924100159E-01,4.96E+03,4.025105783032812E-01
268,7E+00,68,9.73991096E+01,2.3375786304000003E+03,1.8790184618397261E+03,8.038311256799064E-01,1.3707679725440928E+03,1.8480779911315744E+03,0E+00,1.7069978607704718E+03,1.6466294151180567E-02,1E+00,9.154811651016509E-02,2.7048722490890853E-01,4.96E+03,3.788343673063964E-01
269,8E+00,65,8.99068704E+01,2.1577648896E+03,2.055667615324119E+03,9.526837818299994E-01,1.50119339001844E+03,2.0202074910737128E+03,0E+00,1.8608043669458157E+03,1.7249930867260146E-02,1E+00,9.47931693459009E-02,2.697295132599804E-01,4.96E+03,4.1444911599276596E-01
270,9E+00,67,8.24146312E+01,1.9779511488E+03,1.9386630903268015E+03,9.801369925151922E-01,1.4171067943862904E+03,1.9035768676051625E+03,1.8989782585974285E+03,1.7485329150675955E+03,1.8098153772414506E-02,2.047020543558352E-02,9.807282978042128E-02,2.690288470146672E-01,4.96E+03,3.908594940175003E-01
271,7E+00,62,9.73991096E+01,2.3375786304000003E+03,2.938374075685333E+03,1.2570161437446603E+00,2.1029197317496187E+03,2.8849855663530093E+03,2.8776115869566815E+03,0E+00,1.816940524152688E-02,2.067894936572352E-02,1E+00,2.8432538622260234E-01,4.96E+03,5.924141281623655E-01
272,6E+00,83,1.048913488E+02,2.5173923712E+03,1.3150082825234372E+03,5.223692172772392E-01,9.417046839330246E+02,1.2899305012113673E+03,1.289331745636305E+03,0E+00,1.907043601576942E-02,1.9525760581416404E-02,1E+00,2.8387927555411374E-01,4.96E+03,2.651226376055317E-01
273,5E+00,64,1.12383588E+02,2.697206112E+03,2.7860741659981E+03,1.0329481879796734E+00,1.9963778103777222E+03,2.730279836053607E+03,2.7347187119636833E+03,0E+00,2.00261466925109E-02,1.843290988487331E-02,1E+00,2.834441255218603E-01,4.96E+03,5.617085012092944E-01
274,6E+00,60,1.048913488E+02,2.5173923712E+03,3.096882850746216E+03,1.230194738879733E+00,2.220210101243615E+03,3.0317346370820906E+03,3.042995896839812E+03,0E+00,2.103670587617725E-02,1.7400385001137393E-02,1E+00,2.830823094555741E-01,4.96E+03,6.243715424891564E-01
275,9E+00,65,8.24146312E+01,1.9779511488E+03,2.710962340635678E+03,1.3705911504843724E+00,1.9445496356208023E+03,2.650989454106189E+03,2.6663775850043953E+03,0E+00,2.2122360620998614E-02,1.64460992183419E-02,1E+00,2.8270872432523875E-01,4.96E+03,5.465649880313868E-01
276,7E+00,77,9.73991096E+01,2.3375786304000003E+03,1.7825629621735952E+03,7.625681288284911E-01,1.2790140707802605E+03,1.7410820924231484E+03,1.7548417456350548E+03,0E+00,2.3270353210899538E-02,1.555132532583205E-02,1E+00,2.824858936703839E-01,4.96E+03,3.5938769398661197E-01
277,7E+00,74,9.73991096E+01,2.3375786304000003E+03,2.016406148511859E+03,8.626046295464367E-01,1.4472708057340442E+03,1.967074476967467E+03,1.9867070393032952E+03,0E+00,2.4465146359923452E-02,1.4728733707979592E-02,1E+00,2.822523345298497E-01,4.96E+03,4.0653349768384256E-01
278,4E+00,71,1.198758272E+02,2.8770198528E+03,2.2503158174444097E+03,7.821690264856311E-01,1.6156669915437326E+03,2.192449220005843E+03,2.218894759932543E+03,0E+00,2.5714878325071286E-02,1.3962954563217868E-02,1E+00,2.8202655866385073E-01,4.96E+03,4.536927051299213E-01
279,4E+00,65,1.198758272E+02,2.8770198528E+03,2.718109876806074E+03,9.44765770093915E-01,1.951879776701968E+03,2.6446056993884054E+03,2.682062591580186E+03,0E+00,2.7042386345337937E-02,1.3261894058618965E-02,1E+00,2.81898133199997E-01,4.96E+03,5.480060235496117E-01
280,4E+00,75,1.198758272E+02,2.8770198528E+03,1.8838828718732814E+03,6.548035704514974E-01,1.3584136681187035E+03,1.8287475711441862E+03,1.8612856407841937E+03,0E+00,2.9266841135547884E-02,1.199502974758591E-02,1E+00,2.789288079423248E-01,4.96E+03,3.798150951357422E-01
281,4E+00,94,1.198758272E+02,2.8770198528E+03,4.5265132906693066E+02,1.5733340478217317E-01,3.264447959000346E+02,4.3874797646075643E+02,4.4745404767285504E+02,0E+00,3.071536901224577E-02,1.1481864871111707E-02,1E+00,2.788162213663461E-01,4.96E+03,9.126034860220376E-02
282,4E+00,76,1.198758272E+02,2.8770198528E+03,1.8126452090756707E+03,6.30042648927692E-01,1.307600717428345E+03,1.7542176074037422E+03,1.7926657386522884E+03,0E+00,3.2233335778777454E-02,1.1022273042373429E-02,1E+00,2.7862291479801776E-01,4.96E+03,3.654526631200949E-01
283,5E+00,76,1.12383588E+02,2.697206112E+03,1.8148042664165278E+03,6.728459713710332E-01,1.3091547401871196E+03,1.75353931367223E+03,1.7955187984939514E+03,0E+00,3.375843548421348E-02,1.062674817304513E-02,1E+00,2.7862482780462733E-01,4.96E+03,3.658879569388161E-01
284,5E+00,61,1.12383588E+02,2.697206112E+03,2.952358082034771E+03,1.094598617769546E+00,2.1301696861423366E+03,2.8479356701148154E+03,2.921991681613771E+03,0E+00,3.536915544065303E-02,1.0285473366452804E-02,1E+00,2.7848532361148437E-01,4.96E+03,5.952334842812038E-01
285,5E+00,51,1.12383588E+02,2.697206112E+03,3.7141013593041807E+03,1.377017997541962E+00,2.67961742355193E+03,3.57675273629396E+03,3.6769371628743825E+03,0E+00,3.698031090781873E-02,1.0006241842780697E-02,1E+00,2.785287302837789E-01,4.96E+03,7.4881075792423E-01
286,3E+00,56,1.273680664E+02,3.0568335936000003E+03,3.3389668596751603E+03,1.0922959191059185E+00,2.408984122124965E+03,3.209843350119646E+03,3.30629528949804E+03,0E+00,3.86716954621335E-02,9.784933948190976E-03,1E+00,2.78524099409801E-01,4.96E+03,6.73178802353863E-01
287,4E+00,62,1.198758272E+02,2.8770198528E+03,2.8872299902891373E+03,1.0035488588927186E+00,2.0828739936351176E+03,2.770601352081252E+03,2.8594648769544538E+03,0E+00,4.039464767273548E-02,9.616522905368744E-03,1E+00,2.7859089832101264E-01,4.96E+03,5.821028206228099E-01
288,4E+00,59,1.198758272E+02,2.8770198528E+03,3.1188298929501025E+03,1.0840487909441312E+00,2.249771800512516E+03,2.987297992097378E+03,3.089168151705966E+03,0E+00,4.217347703061435E-02,9.510535124466066E-03,1E+00,2.786487632435587E-01,4.96E+03,6.287963493851013E-01
289,5E+00,73,1.12383588E+02,2.697206112E+03,2.0563828143699884E+03,7.624121883830243E-01,1.4831923629407631E+03,1.965956691593788E+03,2.036926140594585E+03,0E+00,4.39733896550308E-02,9.461601040156776E-03,1E+00,2.7873723093957725E-01,4.96E+03,4.1459330934878796E-01
290,3E+00,79,1.273680664E+02,3.0568335936000003E+03,1.601438451002474E+03,5.238880043569781E-01,1.1548015324077398E+03,1.5280981968186654E+03,1.5863147798790287E+03,0E+00,4.5796486363805504E-02,9.443804171167514E-03,1E+00,2.788973365258882E-01,4.96E+03,3.228706554440472E-01
291,3E+00,80,1.273680664E+02,3.0568335936000003E+03,1.5269810466087833E+03,4.9953031457315084E-01,1.100902140940132E+03,1.4541877410119578E+03,1.5124576944155679E+03,0E+00,4.767138777425538E-02,9.511154198979698E-03,1E+00,2.790335260643308E-01,4.96E+03,3.078590819775773E-01
292,1E+00,83,1.423525448E+02,3.4164610752E+03,1.2995967452529535E+03,3.803926685091458E-01,9.367534272759382E+02,1.2351949756478093E+03,1.2871013579527275E+03,0E+00,4.9555194594311784E-02,9.61481886274959E-03,1E+00,2.7919685033251723E-01,4.96E+03,2.6201547283325677E-01
293,-1E+00,67,1.573370232E+02,3.7760885568000003E+03,2.5258150979659063E+03,6.688972093669268E-01,1.8201216401686324E+03,2.3957478551939976E+03,2.501145791114298E+03,0E+00,5.1495156108875374E-02,9.766869661787615E-03,1E+00,2.793923665930987E-01,4.96E+03,5.092369149124811E-01
294,1E+00,86,1.423525448E+02,3.4164610752E+03,1.0728967695472195E+03,3.140374633082603E-01,7.729415157906907E+02,1.0155244482874497E+03,1.0621977165347635E+03,0E+00,5.3474223138897096E-02,9.972117836622024E-03,1E+00,2.795751299382839E-01,4.96E+03,2.1630983257000394E-01
295,2E+00,88,1.348603056E+02,3.2366473344E+03,9.493346175352884E+02,2.9330801890137753E-01,6.796087303938641E+02,8.978983936386295E+02,9.39662996589504E+02,0E+00,5.418134232816697E-02,1.0187789181115478E-02,1E+00,2.841209855400624E-01,4.96E+03,1.9139810837405008E-01
296,0E+00,91,1.49844784E+02,3.596274816E+03,7.131414885674275E+02,1.9830005354280117E-01,5.103238395542638E+02,6.730921643642914E+02,7.056877003262955E+02,0E+00,5.615901591083691E-02,1.0452046838707065E-02,1E+00,2.844002940013877E-01,4.96E+03,1.437785259208523E-01
297,-1E+00,74,1.573370232E+02,3.7760885568000003E+03,2.06314299884398E+03,5.463703956647576E-01,1.4757235557037825E+03,1.9431299714175252E+03,2.040953657519623E+03,0E+00,5.816999960434169E-02,1.0755115538181332E-02,1E+00,2.847206633128873E-01,4.96E+03,4.1595624976693146E-01
298,-1E+00,79,1.573370232E+02,3.7760885568000003E+03,1.6692064033836934E+03,4.4204641344488005E-01,1.1932989709545427E+03,1.5687396352425258E+03,1.6506505494952964E+03,0E+00,6.018834335736348E-02,1.1116572432733257E-02,1E+00,2.851099968610388E-01,4.96E+03,3.3653354906929306E-01
299,-1E+00,89,1.573370232E+02,3.7760885568000003E+03,8.75650901131262E+02,2.3189363489751458E-01,6.257117060320173E+02,8.211791890669696E+02,8.65579222466894E+02,0E+00,6.220711015533693E-02,1.1501933763051373E-02,1E+00,2.8543246489707924E-01,4.96E+03,1.7654252038936735E-01
300,-3E+00,86,1.723215016E+02,4.1357160384E+03,1.1164072642157707E+03,2.699429201255508E-01,7.9728504742679E+02,1.0446593374754436E+03,1.1030779927055432E+03,0E+00,6.426680391651422E-02,1.1939434592976103E-02,1E+00,2.8584749223496914E-01,4.96E+03,2.2508210972092152E-01
301,-2E+00,92,1.648292624E+02,3.9559022976E+03,8.474023781035469E+02,2.1421216055251316E-01,5.883657782389906E+02,7.936177123276238E+02,8.37394658478754E+02,0E+00,6.347004347130937E-02,1.180987908859755E-02,1E+00,3.0568311649569585E-01,4.96E+03,1.7084725364990863E-01
302,-2E+00,79,1.648292624E+02,3.9559022976E+03,2.2281367377088454E+03,5.63243621830759E-01,1.5461779214344137E+03,2.082204212980618E+03,2.200804187820946E+03,0E+00,6.549531824437613E-02,1.2266998441040395E-02,1E+00,3.060668605893901E-01,4.96E+03,4.4922111647355756E-01
303,-1E+00,95,1.573370232E+02,3.7760885568000003E+03,5.313642549377137E+02,1.407181656216272E-01,3.685289310156856E+02,4.954826474501284E+02,5.245821252344133E+02,0E+00,6.752732641338702E-02,1.2763616747414254E-02,1E+00,3.0644764379402134E-01,4.96E+03,1.0712989010841001E-01
304,1E+00,91,1.423525448E+02,3.4164610752E+03,9.579582363067152E+02,2.8039489261578554E-01,6.640846717393381E+02,8.91306090088905E+02,9.452117340865703E+02,0E+00,6.957729856238719E-02,1.3305905974865211E-02,1E+00,3.067707478567842E-01,4.96E+03,1.9313674119087001E-01
305,1E+00,94,1.423525448E+02,3.4164610752E+03,6.397067423963281E+02,1.8724250864145425E-01,4.4323010451538664E+02,5.938853996063232E+02,6.308299287134632E+02,0E+00,7.162866944056136E-02,1.3876379744900774E-02,1E+00,3.071354807750565E-01,4.96E+03,1.2897313354764678E-01
306,0E+00,89,1.49844784E+02,3.596274816E+03,1.1747424688378387E+03,3.266553667176248E-01,8.135595941958672E+02,1.088181854406263E+03,1.1577340429046394E+03,0E+00,7.368475791737497E-02,1.4478429429750339E-02,1E+00,3.0745706758970426E-01,4.96E+03,2.3684323968504814E-01
307,-1E+00,89,1.573370232E+02,3.7760885568000003E+03,1.1767225317611142E+03,3.1162471802788255E-01,8.145222665693709E+02,1.0876205925208906E+03,1.1589352832175175E+03,0E+00,7.572043267232376E-02,1.5115924156713421E-02,1E+00,3.078043085056465E-01,4.96E+03,2.3724244591957946E-01
308,1E+00,94,1.423525448E+02,3.4164610752E+03,6.429636850043458E+02,1.8819581750004474E-01,4.448107655089254E+02,5.929659331691865E+02,6.328197392901299E+02,0E+00,7.776139306346883E-02,1.577685637742886E-02,1E+00,3.0818679828563117E-01,4.96E+03,1.2962977520248908E-01
309,0E+00,92,1.49844784E+02,3.596274816E+03,8.587482733903609E+02,2.3878827879608877E-01,5.938376346491127E+02,7.90178874732855E+02,8.445960547422178E+02,0E+00,7.984807746604497E-02,1.648005485038101E-02,1E+00,3.0848462459828185E-01,4.96E+03,1.7313473253837922E-01
310,0E+00,97,1.49844784E+02,3.596274816E+03,3.225845856004617E+02,8.969964813736352E-02,2.2297834272849474E+02,2.961787672504971E+02,3.1703736483345904E+02,0E+00,8.185703697159796E-02,1.7196174320223676E-02,1E+00,3.0877558109777337E-01,4.96E+03,6.503721483880276E-02
311,-1E+00,89,1.573370232E+02,3.7760885568000003E+03,1.1848275589973966E+03,3.137711261733396E-01,8.186212337843813E+02,1.0854495414043074E+03,1.1635758294928683E+03,0E+00,8.387551153619602E-02,1.793655907405767E-02,1E+00,3.0907985084589E-01,4.96E+03,2.388765239914106E-01
312,-5E+00,82,1.8730598E+02,4.49534352E+03,1.9421482363527389E+03,4.3203555583950987E-01,1.341367662630973E+03,1.77528475483161E+03,1.9058057397150835E+03,0E+00,8.591696472895934E-02,1.871252459385117E-02,1E+00,3.0933816609694176E-01,4.96E+03,3.9156214442595544E-01
313,-8E+00,77,2.097826976E+02,5.0347847424E+03,2.4858924833623378E+03,4.937435482449947E-01,1.7162431702102413E+03,2.267381474752581E+03,2.437424345842541E+03,0E+00,8.790042613355735E-02,1.949727827900302E-02,1E+00,3.096068387121449E-01,4.96E+03,5.011880006778907E-01
314,-1E+01,55,2.24767176E+02,5.394412224E+03,4.872479286340917E+03,9.032456334469623E-01,3.362744438448327E+03,4.434431435598243E+03,4.773505953334727E+03,0E+00,8.990245519784104E-02,2.0312725245162772E-02,1E+00,3.098494132391385E-01,4.96E+03,9.823546948267977E-01
315,-7E+00,77,2.022904584E+02,4.8549710016E+03,2.494636709620916E+03,5.138314335551718E-01,1.7210489761131507E+03,2.265516600531769E+03,2.4419495231829774E+03,0E+00,9.184508037002473E-02,2.1120184047137298E-02,1E+00,3.10100356706977E-01,4.96E+03,5.02950949520346E-01
316,-6E+00,86,1.947982192E+02,4.675157260800001E+03,1.5211797255015244E+03,3.253750923538397E-01,1.0491928424360453E+03,1.3785041839993155E+03,1.4877605734845974E+03,0E+00,9.379269202077326E-02,2.1969233126551756E-02,1E+00,3.102768694276857E-01,4.96E+03,3.0668946078659765E-01
317,-5E+00,89,1.8730598E+02,4.49534352E+03,1.1971910173435099E+03,2.6631802709117763E-01,8.254893733641256E+02,1.082622314655186E+03,1.1698788630024574E+03,0E+00,9.569793042930139E-02,2.281353096154722E-02,1E+00,3.104781430821009E-01,4.96E+03,2.4136915672248183E-01
318,-4E+00,96,1.798137408E+02,4.3155297792E+03,4.3606353924883354E+02,1.0104519295651104E-01,3.006229869294374E+02,3.934874366186713E+02,4.2573199225366966E+02,0E+00,9.763738262433982E-02,2.3692755906538483E-02,1E+00,3.1059820445595393E-01,4.96E+03,8.791603613887773E-02
319,-5E+00,93,1.8730598E+02,4.49534352E+03,7.644633684245487E+02,1.7005671869644984E-01,5.26913297379409E+02,6.884091134948469E+02,7.4568312294361E+02,0E+00,9.948711484559286E-02,2.45665734378381E-02,1E+00,3.107409469922633E-01,4.96E+03,1.5412567911785255E-01
320,-5E+00,92,1.8730598E+02,4.49534352E+03,8.750854584617695E+02,1.9466486922934187E-01,6.030986828493576E+02,7.864159886360701E+02,8.528116778052736E+02,0E+00,1.0132664069354211E-01,2.5453263382583084E-02,1E+00,3.108116732856147E-01,4.96E+03,1.764285198511632E-01
321,-4E+00,97,1.798137408E+02,4.3155297792E+03,3.287096583427933E+02,7.61690163574143E-02,2.2651242912808453E+02,2.9479647247376545E+02,3.2004723800180903E+02,0E+00,1.0317064013270226E-01,2.6352801389093062E-02,1E+00,3.109042482351793E-01,4.96E+03,6.627210853685349E-02
322,-4E+00,88,1.798137408E+02,4.3155297792E+03,1.3170250095512883E+03,3.051826952739588E-01,9.074791279183501E+02,1.1787957469197127E+03,1.281152346683217E+03,0E+00,1.0495568544948931E-01,2.7237647431078933E-02,1E+00,3.109628736454071E-01,4.96E+03,2.6552923579663074E-01
323,-5E+00,96,1.8730598E+02,4.49534352E+03,4.397092107090794E+02,9.781437364081118E-02,3.029816157684463E+02,3.927919671815022E+02,4.273368933585701E+02,0E+00,1.0670061573629087E-01,2.8137498713200964E-02,1E+00,3.1095003609350097E-01,4.96E+03,8.865105054618537E-02
324,-5E+00,96,1.8730598E+02,4.49534352E+03,4.4040656525223625E+02,9.79695018395916E-02,3.0347922250703516E+02,3.9266522319146014E+02,4.276186085546464E+02,0E+00,1.0840288457878229E-01,2.9036707684559012E-02,1E+00,3.1091122055997966E-01,4.96E+03,8.879164622020892E-02
325,-5E+00,96,1.8730598E+02,4.49534352E+03,4.4109129206375746E+02,9.81218209690363E-02,3.039746835825489E+02,3.9253960501480935E+02,4.278814785379868E+02,0E+00,1.100717423411076E-01,2.994802609674106E-02,1E+00,3.108576635908494E-01,4.96E+03,8.892969598059626E-02
326,-6E+00,98,1.947982192E+02,4.675157260800001E+03,2.2088001443608272E+02,4.724547263641914E-02,1.522372802450037E+02,1.9620052369185285E+02,2.140669667068247E+02,0E+00,1.1173256578798126E-01,3.0845016678634447E-02,1E+00,3.107693304273237E-01,4.96E+03,4.4532260975016676E-02
327,-6E+00,91,1.947982192E+02,4.675157260800001E+03,9.954575605393483E+02,2.1292493599862525E-01,6.862711883612935E+02,8.826327402325408E+02,9.638521972760655E+02,0E+00,1.1333965884560462E-01,3.1749583825712024E-02,1E+00,3.1059724134350297E-01,4.96E+03,2.00697088818417E-01
328,-8E+00,85,2.097826976E+02,5.0347847424E+03,1.6614140111164968E+03,3.299870989766541E-01,1.145650543136766E+03,1.4705691875556934E+03,1.607175138106975E+03,0E+00,1.1486891424043827E-01,3.2646211387775854E-02,1E+00,3.1043645023381594E-01,4.96E+03,3.349625022412292E-01
329,-1E+01,78,2.24767176E+02,5.394412224E+03,2.4404070602390875E+03,4.5239536003229397E-01,1.6833438094500607E+03,2.156358469850175E+03,2.3585786979483223E+03,0E+00,1.1639393895257971E-01,3.3530620208396165E-02,1E+00,3.102200707101942E-01,4.96E+03,4.9201755246755796E-01
330,-9E+00,68,2.172749368E+02,5.2145984832E+03,3.5547056274425777E+03,6.816834774326077E-01,2.4527426010597587E+03,3.1358086552434092E+03,3.432406662332585E+03,0E+00,1.1784294287697254E-01,3.440480814102762E-02,1E+00,3.1000120456546015E-01,4.96E+03,7.1667452166181E-01
331,-8E+00,90,2.097826976E+02,5.0347847424E+03,1.112331676768284E+03,2.2092934130845357E-01,7.677935378446308E+02,9.796644148280068E+02,1.0730892758512412E+03,0E+00,1.1926951709738454E-01,3.5279406077021735E-02,1E+00,3.0974406835617413E-01,4.96E+03,2.242604187032831E-01
332,-7E+00,78,2.022904584E+02,4.8549710016E+03,2.450375006667501E+03,5.047146534675403E-01,1.6922558208491755E+03,2.1547590250020307E+03,2.361831756634769E+03,0E+00,1.2064111854760838E-01,3.61345711541314E-02,1E+00,3.093890460666118E-01,4.96E+03,4.9402721908618974E-01
333,-1E+01,82,2.24767176E+02,5.394412224E+03,2.0071996293268585E+03,3.7208866248610567E-01,1.386936534301176E+03,1.7623806499643317E+03,1.93299269483054E+03,0E+00,1.2197041877923735E-01,3.697038072949674E-02,1E+00,3.090191358961621E-01,4.96E+03,4.046773446223505E-01
334,-1E+01,99,2.24767176E+02,5.394412224E+03,1.1165098180362718E+02,2.0697524988336373E-02,7.719269249975736E+01,9.789217252535317E+01,1.0743040487114516E+02,0E+00,1.2323052655706263E-01,3.780152099249068E-02,1E+00,3.086250451829917E-01,4.96E+03,2.2510278589440963E-02
335,-9E+00,91,2.172749368E+02,5.2145984832E+03,1.0060197573976245E+03,1.9292372378021874E-01,6.959719678926404E+02,8.808320067504048E+02,9.671696590678994E+02,0E+00,1.2443866010251703E-01,3.861762956845173E-02,1E+00,3.0819254515141625E-01,4.96E+03,2.0282656399145654E-01
336,-1E+01,90,2.24767176E+02,5.394412224E+03,1.1190242834736675E+03,2.0744137396379805E-01,7.746792984858835E+02,9.784688411553508E+02,1.074919531680665E+03,0E+00,1.256053549454758E-01,3.941357881537027E-02,1E+00,3.0771895666005633E-01,4.96E+03,2.2560973457130393E-01
337,-1.2E+01,72,2.397516544E+02,5.7540397056E+03,3.136898418299689E+03,5.451645415735953E-01,2.173186937131322E+03,2.7395678083208413E+03,3.010844631663207E+03,0E+00,1.2666352460154434E-01,4.0184210588753516E-02,1E+00,3.072179435414213E-01,4.96E+03,6.324391972378406E-01
338,-1.4E+01,86,2.547361328E+02,6.113667187200001E+03,1.5700101487727015E+03,2.5680333925598436E-01,1.0885885099176508E+03,1.3694590805539447E+03,1.505727245881449E+03,0E+00,1.2773870817047306E-01,4.094425946322911E-02,1E+00,3.066360043795799E-01,4.96E+03,3.165343041880447E-01
339,-1E+01,99,2.24767176E+02,5.394412224E+03,1.1224165703205152E+02,2.0807022595099978E-02,7.789412011287341E+01,9.779433772664957E+01,1.0756337368104694E+02,0E+00,1.287161975992247E-01,4.168045514214622E-02,1E+00,3.060141646819228E-01,4.96E+03,2.2629366337107163E-02
340,-1.1E+01,96,2.322594152E+02,5.5742259648E+03,4.4937770495584186E+02,8.06170592641135E-02,3.121290017269912E+02,3.9112018650602323E+02,4.303265284915893E+02,0E+00,1.2964042899178396E-01,4.239457421708242E-02,1E+00,3.05419476122736E-01,4.96E+03,9.060034374109716E-02
341,-1E+01,91,2.24767176E+02,5.394412224E+03,1.0118979454701819E+03,1.8758261390707207E-01,7.03594059434393E+02,8.798174425781667E+02,9.682917067488494E+02,0E+00,1.3052749388738352E-01,4.30935144364491E-02,1E+00,3.0467883388431466E-01,4.96E+03,2.0401168255447216E-01
342,-1.1E+01,99,2.322594152E+02,5.5742259648E+03,1.125326252043827E+02,2.0188027165565454E-02,7.832609535064515E+01,9.775244298354785E+01,1.07608610887434E+02,0E+00,1.3134130830051244E-01,4.3756326736407836E-02,1E+00,3.039698913236171E-01,4.96E+03,2.2688029275077157E-02
343,-1.1E+01,87,2.322594152E+02,5.5742259648E+03,1.4638021265244436E+03,2.626018636072576E-01,1.0199761357761706E+03,1.270467087821809E+03,1.3988008827742522E+03,0E+00,1.3207730416519944E-01,4.44057585191013E-02,1E+00,3.0320081020927636E-01,4.96E+03,2.951213964767023E-01
344,-1.1E+01,88,2.322594152E+02,5.5742259648E+03,1.3521223156774377E+03,2.4256682886840075E-01,9.431879980374842E+02,1.1726257163598896E+03,1.2912826545746316E+03,0E+00,1.3275174681782928E-01,4.499567856945277E-02,1E+00,3.024388495763196E-01,4.96E+03,2.726053055801286E-01
345,-1.3E+01,90,2.472438936E+02,5.9338534464E+03,1.1275185682890265E+03,1.9001456279192044E-01,7.875020245037495E+02,9.771399217321609E+02,1.0761166072170033E+03,0E+00,1.3337132601289245E-01,4.558857168092937E-02,1E+00,3.0156181312494157E-01,4.96E+03,2.2732229199375534E-01
346,-1.5E+01,88,2.6222837200000004E+02,6.293480928000001E+03,1.3535703202451755E+03,2.150749856447607E-01,9.465999908642239E+02,1.1722874382873379E+03,1.291228780757593E+03,0E+00,1.339294155954907E-01,4.605711174007588E-02,1E+00,3.006643417737144E-01,4.96E+03,2.728972419849144E-01
347,-1.4E+01,93,2.547361328E+02,6.113667187200001E+03,7.8997789529584E+02,1.2921506374272265E-01,5.531876953561836E+02,6.8378206372104E+02,7.534543405125561E+02,0E+00,1.344288646646632E-01,4.623364147373532E-02,1E+00,2.997428172986797E-01,4.96E+03,1.5926973695480645E-01
348,-1.6E+01,85,2.697206112E+02,6.4732946688E+03,1.693545467716277E+03,2.6162032695326404E-01,1.1875421139603704E+03,1.4652008125621114E+03,1.6150301426143803E+03,0E+00,1.3483231451830177E-01,4.6361509979282345E-02,1E+00,2.987834477442435E-01,4.96E+03,3.414406184911849E-01
349,-1.5E+01,84,2.6222837200000004E+02,6.293480928000001E+03,1.8069648916689075E+03,2.871169250119808E-01,1.2689104770877561E+03,1.562606448134305E+03,1.7229567608574698E+03,0E+00,1.3523142849162598E-01,4.649129111404491E-02,1E+00,2.97766944483468E-01,4.96E+03,3.643074378364733E-01
350,-1.6E+01,71,2.697206112E+02,6.4732946688E+03,3.2761586577879098E+03,5.061037424386605E-01,2.304058811973552E+03,2.8322542883093097E+03,3.123699077108949E+03,0E+00,1.3549538219810392E-01,4.6536079782504444E-02,1E+00,2.9671940444750244E-01,4.96E+03,6.605158584249818E-01
351,-1.4E+01,88,2.547361328E+02,6.113667187200001E+03,1.355963548162563E+03,2.217921758975534E-01,9.549973945213696E+02,1.1718698077386487E+03,1.292778445189824E+03,0E+00,1.3576599509136938E-01,4.659793624862552E-02,1E+00,2.957057025496991E-01,4.96E+03,2.7337974761342E-01
352,-1.7E+01,87,2.772128504E+02,6.6531084095999995E+03,1.469112969098564E+03,2.2081602743444406E-01,1.0363507129054003E+03,1.2694469466494447E+03,1.4006772941144045E+03,0E+00,1.3590923683127826E-01,4.658299016048514E-02,1E+00,2.9457384509967477E-01,4.96E+03,2.96192130866646E-01
353,-1.8E+01,66,2.847050896E+02,6.8329221504E+03,3.842802822447371E+03,5.623952297220909E-01,2.715163030058597E+03,3.3201743252947117E+03,3.6639621404865647E+03,0E+00,1.3600190311607302E-01,4.6539125274949175E-02,1E+00,2.9344201211724225E-01,4.96E+03,7.747586335579377E-01
354,-1.9E+01,92,2.9219732880000004E+02,7.012735891200001E+03,9.041312411358365E+02,1.2892703435051564E-01,6.399212100018688E+02,7.811346710773528E+02,8.621181336763693E+02,0E+00,1.3603840290262104E-01,4.646793026053072E-02,1E+00,2.922253087970366E-01,4.96E+03,1.8228452442254767E-01
355,-1.6E+01,58,2.697206112E+02,6.4732946688E+03,4.746602088077442E+03,7.332590791757287E-01,3.365254888242951E+03,4.101032696280012E+03,4.526558583424781E+03,0E+00,1.3600663797350473E-01,4.635811061672281E-02,1E+00,2.9101811658157983E-01,4.96E+03,9.569762274349682E-01
356,-1.9E+01,74,2.9219732880000004E+02,7.012735891200001E+03,2.937917105726772E+03,4.189402183837332E-01,2.086527504657931E+03,2.5386502057303123E+03,2.8021602188849424E+03,0E+00,1.3590134970730924E-01,4.6208549103446094E-02,1E+00,2.897936090195532E-01,4.96E+03,5.923219971223331E-01
357,-1.8E+01,90,2.847050896E+02,6.8329221504E+03,1.1296491199912384E+03,1.653244534514576E-01,8.037716056783046E+02,9.763271037810505E+02,1.0776596980433665E+03,0E+00,1.357253447082552E-01,4.60226286444371E-02,1E+00,2.8847675667242706E-01,4.96E+03,2.2775183870791096E-01
358,-1.8E+01,94,2.847050896E+02,6.8329221504E+03,6.776134091886538E+02,9.916890523170768E-02,4.830223388913257E+02,5.857839373513743E+02,6.465618210122063E+02,0E+00,1.3551897083505524E-01,4.582493167251129E-02,1E+00,2.871712213167732E-01,4.96E+03,1.3661560669126085E-01
359,-1.6E+01,81,2.697206112E+02,6.4732946688E+03,2.145132863242893E+03,3.313819272868898E-01,1.53198665326512E+03,1.855042125158226E+03,2.0473660210484563E+03,0E+00,1.3523206093916432E-01,4.5576124383567625E-02,1E+00,2.8583134428832196E-01,4.96E+03,4.3248646436348653E-01
360,-1.8E+01,77,2.847050896E+02,6.8329221504E+03,2.5955960458871814E+03,3.798661815187277E-01,1.8572036456275998E+03,2.245555266579751E+03,2.478064065328663E+03,0E+00,1.3485949782597448E-01,4.528130667510914E-02,1E+00,2.844789355530078E-01,4.96E+03,5.233056544127381E-01
361,-1.7E+01,88,2.772128504E+02,6.6531084095999995E+03,1.3535746906679356E+03,2.0344996764441955E-01,9.704021637577703E+02,1.1716001845042372E+03,1.292710526628708E+03,0E+00,1.3443994440668888E-01,4.496550095007575E-02,1E+00,2.830819234076288E-01,4.96E+03,2.728981231185354E-01
362,-1.5E+01,94,2.6222837200000004E+02,6.293480928000001E+03,6.763719103900918E+02,1.0747182968027764E-01,4.8585872751633417E+02,5.857853799026154E+02,6.462030946097061E+02,0E+00,1.3393005992107412E-01,4.4603886289402574E-02,1E+00,2.816692709250459E-01,4.96E+03,1.363653045141314E-01
363,-1.4E+01,80,2.547361328E+02,6.113667187200001E+03,2.2534262828854717E+03,3.68588314326858E-01,1.621902577009328E+03,1.952842340648746E+03,2.153769704762533E+03,0E+00,1.3338973833740572E-01,4.4224467815885474E-02,1E+00,2.802504393742532E-01,4.96E+03,4.5431981509787733E-01
364,-1.3E+01,95,2.472438936E+02,5.9338534464E+03,5.629154698407559E+02,9.486507796755078E-02,4.059859001867537E+02,4.881867822917052E+02,5.382638922331873E+02,0E+00,1.327529470280696E-01,4.3792681012199436E-02,1E+00,2.7877999106756873E-01,4.96E+03,1.1349102214531369E-01
365,-1.2E+01,88,2.397516544E+02,5.7540397056E+03,1.3500714166856028E+03,2.3463018779166117E-01,9.756943730103678E+02,1.1717630467911592E+03,1.2915566121387515E+03,0E+00,1.3207328715408773E-01,4.334200681805713E-02,1E+00,2.7730165904432136E-01,4.96E+03,2.7219181788016183E-01
