coo: 54.99_73.37;E 00:00:00;A 00:00:00;E 01:00:00;A 01:00:00;E 02:00:00;A 02:00:00;E 03:00:00;A 03:00:00;E 04:00:00;A 04:00:00;E 05:00:00;A 05:00:00;E 06:00:00;A 06:00:00;E 07:00:00;A 07:00:00;E 08:00:00;A 08:00:00;E 09:00:00;A 09:00:00;E 10:00:00;A 10:00:00;E 11:00:00;A 11:00:00;E 12:00:00;A 12:00:00;E 13:00:00;A 13:00:00;E 14:00:00;A 14:00:00;E 15:00:00;A 15:00:00;E 16:00:00;A 16:00:00;E 17:00:00;A 17:00:00;E 18:00:00;A 18:00:00;E 19:00:00;A 19:00:00;E 20:00:00;A 20:00:00;E 21:00:00;A 21:00:00;E 22:00:00;A 22:00:00;E 23:00:00;A 23:00:00;
2018-01-01;--;--;--;--;--;--;--;--;--;--;--;--;--;--;--;--;--;--;--;--;2.10;137.24;7.20;150.11;10.58;163.65;11.98;177.65;11.28;191.72;8.55;205.45;3.99;218.55;--;--;--;--;--;--;--;--;--;--;--;--;--;--;
2018-01-02;--;--;--;--;--;--;--;--;--;--;--;--;--;--;--;--;--;--;--;--;2.14;137.10;7.25;149.98;10.65;163.52;12.07;177.53;11.38;191.62;8.66;205.37;4.12;218.49;--;--;--;--;--;--;--;--;--;--;--;--;--;--;
2018-01-03;--;--;--;--;--;--;--;--;--;--;--;--;--;--;--;--;--;--;--;--;2.18;136.97;7.30;149.84;10.72;163.40;12.16;177.42;11.49;191.52;8.78;205.29;4.24;218.43;--;--;--;--;--;--;--;--;--;--;--;--;--;--;
2018-01-04;--;--;--;--;--;--;--;--;--;--;--;--;--;--;--;--;--;--;--;--;2.22;136.83;7.37;149.71;10.80;163.28;12.26;177.31;11.61;191.43;8.91;205.21;4.38;218.37;--;--;--;--;--;--;--;--;--;--;--;--;--;--;
2018-01-05;--;--;--;--;--;--;--;--;--;--;--;--;--;--;--;--;--;--;--;--;2.27;136.69;7.44;149.58;10.89;163.15;12.36;177.20;11.73;191.34;9.04;205.14;4.52;218.32;--;--;--;--;--;--;--;--;--;--;--;--;--;--;
2018-01-06;--;--;--;--;--;--;--;--;--;--;--;--;--;--;--;--;--;--;--;--;2.34;136.55;7.51;149.44;10.99;163.03;12.48;177.09;11.85;191.25;9.18;205.07;4.67;218.27;--;--;--;--;--;--;--;--;--;--;--;--;--;--;
2018-01-07;--;--;--;--;--;--;--;--;--;--;--;--;--;--;--;--;--;--;--;--;2.40;136.40;7.60;149.31;11.09;162.90;12.60;176.99;11.99;191.16;9.33;205.01;4.82;218.22;--;--;--;--;--;--;--;--;--;--;--;--;--;--;
2018-01-08;--;--;--;--;--;--;--;--;--;--;--;--;--;--;--;--;--;--;--;--;2.48;136.26;7.69;149.17;11.20;162.78;12.72;176.88;12.13;191.08;9.48;204.95;4.98;218.18;--;--;--;--;--;--;--;--;--;--;--;--;--;--;
2018-01-09;--;--;--;--;--;--;--;--;--;--;--;--;--;--;--;--;--;--;--;--;2.56;136.11;7.79;149.03;11.32;162.66;12.86;176.78;12.28;191.00;9.64;204.89;5.15;218.15;--;--;--;--;--;--;--;--;--;--;--;--;--;--;
2018-01-10;--;--;--;--;--;--;--;--;--;--;--;--;--;--;--;--;--;--;--;--;2.65;135.96;7.90;148.90;11.44;162.54;13.00;176.67;12.44;190.92;9.80;204.83;5.32;218.11;-0.69;230.67;--;--;--;--;--;--;--;--;--;--;--;--;
2018-01-11;--;--;--;--;--;--;--;--;--;--;--;--;--;--;--;--;--;--;--;--;2.75;135.81;8.01;148.76;11.58;162.41;13.15;176.57;12.60;190.84;9.98;204.78;5.50;218.09;-0.51;230.66;--;--;--;--;--;--;--;--;--;--;--;--;
2018-01-12;--;--;--;--;--;--;--;--;--;--;--;--;--;--;--;--;--;--;--;--;2.85;135.66;8.14;148.62;11.72;162.29;13.31;176.47;12.77;190.77;10.15;204.74;5.68;218.07;-0.32;230.66;--;--;--;--;--;--;--;--;--;--;--;--;
2018-01-13;--;--;--;--;--;--;--;--;--;--;--;--;--;--;--;--;--;--;--;--;2.97;135.51;8.27;148.48;11.86;162.17;13.47;176.38;12.95;190.70;10.34;204.69;5.87;218.05;-0.13;230.66;--;--;--;--;--;--;--;--;--;--;--;--;
2018-01-14;--;--;--;--;--;--;--;--;--;--;--;--;--;--;--;--;--;--;--;--;3.08;135.36;8.40;148.34;12.02;162.05;13.64;176.28;13.13;190.63;10.53;204.65;6.06;218.03;0.06;230.67;--;--;--;--;--;--;--;--;--;--;--;--;
2018-01-15;--;--;--;--;--;--;--;--;--;--;--;--;--;--;--;--;--;--;--;--;3.21;135.20;8.54;148.20;12.18;161.93;13.82;176.19;13.32;190.57;10.73;204.62;6.26;218.03;0.26;230.69;--;--;--;--;--;--;--;--;--;--;--;--;
2018-01-16;--;--;--;--;--;--;--;--;--;--;--;--;--;--;--;--;--;--;--;--;3.34;135.05;8.70;148.06;12.35;161.81;14.00;176.10;13.52;190.51;10.93;204.59;6.47;218.02;0.47;230.70;--;--;--;--;--;--;--;--;--;--;--;--;
2018-01-17;--;--;--;--;--;--;--;--;--;--;--;--;--;--;--;--;--;--;--;--;3.48;134.89;8.85;147.92;12.52;161.70;14.19;176.01;13.72;190.45;11.14;204.56;6.68;218.02;0.67;230.73;--;--;--;--;--;--;--;--;--;--;--;--;
2018-01-18;--;--;--;--;--;--;--;--;--;--;--;--;--;--;--;--;--;--;--;--;3.63;134.74;9.02;147.78;12.70;161.58;14.39;175.92;13.93;190.39;11.35;204.54;6.89;218.03;0.89;230.76;--;--;--;--;--;--;--;--;--;--;--;--;
2018-01-19;--;--;--;--;--;--;--;--;--;--;--;--;--;--;--;--;--;--;--;--;3.78;134.58;9.19;147.65;12.89;161.47;14.59;175.83;14.14;190.34;11.57;204.52;7.11;218.04;1.11;230.79;--;--;--;--;--;--;--;--;--;--;--;--;
2018-01-20;--;--;--;--;--;--;--;--;--;--;--;--;--;--;--;--;--;--;--;--;3.94;134.43;9.37;147.51;13.09;161.35;14.80;175.75;14.36;190.29;11.80;204.51;7.34;218.06;1.33;230.83;--;--;--;--;--;--;--;--;--;--;--;--;
2018-01-21;--;--;--;--;--;--;--;--;--;--;--;--;--;--;--;--;--;--;--;--;4.11;134.27;9.55;147.37;13.29;161.24;15.02;175.67;14.59;190.25;12.03;204.50;7.57;218.08;1.55;230.88;--;--;--;--;--;--;--;--;--;--;--;--;
2018-01-22;--;--;--;--;--;--;--;--;--;--;--;--;--;--;--;--;--;--;--;--;4.29;134.11;9.74;147.23;13.50;161.13;15.24;175.59;14.82;190.21;12.26;204.49;7.80;218.10;1.78;230.93;--;--;--;--;--;--;--;--;--;--;--;--;
2018-01-23;--;--;--;--;--;--;--;--;--;--;--;--;--;--;--;--;--;--;--;--;4.47;133.95;9.94;147.10;13.71;161.02;15.47;175.52;15.06;190.17;12.50;204.49;8.04;218.14;2.02;230.99;--;--;--;--;--;--;--;--;--;--;--;--;
2018-01-24;--;--;--;--;--;--;--;--;--;--;--;--;--;--;--;--;--;--;--;--;4.65;133.80;10.15;146.96;13.93;160.91;15.71;175.45;15.30;190.14;12.75;204.50;8.28;218.17;2.26;231.05;--;--;--;--;--;--;--;--;--;--;--;--;
2018-01-25;--;--;--;--;--;--;--;--;--;--;--;--;--;--;--;--;--;--;--;--;4.85;133.64;10.36;146.82;14.16;160.81;15.95;175.38;15.55;190.11;13.00;204.51;8.53;218.21;2.50;231.11;--;--;--;--;--;--;--;--;--;--;--;--;
2018-01-26;--;--;--;--;--;--;--;--;--;--;--;--;--;--;--;--;--;--;--;--;5.05;133.48;10.57;146.69;14.40;160.70;16.20;175.31;15.80;190.08;13.25;204.52;8.78;218.26;2.74;231.19;--;--;--;--;--;--;--;--;--;--;--;--;
2018-01-27;--;--;--;--;--;--;--;--;--;--;--;--;--;--;--;--;--;--;--;--;5.25;133.32;10.80;146.55;14.64;160.60;16.45;175.24;16.06;190.06;13.51;204.53;9.04;218.31;2.99;231.26;--;--;--;--;--;--;--;--;--;--;--;--;
2018-01-28;--;--;--;--;--;--;--;--;--;--;--;--;--;--;--;--;--;--;--;--;5.47;133.17;11.03;146.42;14.88;160.50;16.71;175.18;16.33;190.04;13.78;204.56;9.30;218.37;3.25;231.35;--;--;--;--;--;--;--;--;--;--;--;--;
2018-01-29;--;--;--;--;--;--;--;--;--;--;--;--;--;--;--;--;--;--;--;--;5.69;133.01;11.26;146.29;15.13;160.40;16.97;175.12;16.59;190.02;14.05;204.58;9.56;218.43;3.50;231.44;--;--;--;--;--;--;--;--;--;--;--;--;
2018-01-30;--;--;--;--;--;--;--;--;--;--;--;--;--;--;--;--;--;--;--;--;5.91;132.85;11.51;146.16;15.39;160.30;17.24;175.07;16.87;190.01;14.32;204.61;9.83;218.49;3.76;231.53;--;--;--;--;--;--;--;--;--;--;--;--;
2018-01-31;--;--;--;--;--;--;--;--;--;--;--;--;--;--;--;--;--;--;-0.78;120.15;6.14;132.70;11.75;146.03;15.66;160.20;17.51;175.01;17.15;190.00;14.60;204.65;10.10;218.56;4.02;231.63;--;--;--;--;--;--;--;--;--;--;--;--;
2018-02-01;--;--;--;--;--;--;--;--;--;--;--;--;--;--;--;--;--;--;-0.56;119.98;6.38;132.54;12.01;145.90;15.92;160.11;17.79;174.96;17.43;190.00;14.88;204.69;10.38;218.64;4.29;231.73;--;--;--;--;--;--;--;--;--;--;--;--;
2018-02-02;--;--;--;--;--;--;--;--;--;--;--;--;--;--;--;--;--;--;-0.33;119.80;6.62;132.38;12.27;145.77;16.20;160.02;18.08;174.91;17.72;190.00;15.17;204.73;10.65;218.72;4.56;231.84;--;--;--;--;--;--;--;--;--;--;--;--;
2018-02-03;--;--;--;--;--;--;--;--;--;--;--;--;--;--;--;--;--;--;-0.10;119.63;6.87;132.23;12.53;145.64;16.48;159.93;18.37;174.87;18.02;190.00;15.46;204.78;10.94;218.81;4.83;231.96;--;--;--;--;--;--;--;--;--;--;--;--;
2018-02-04;--;--;--;--;--;--;--;--;--;--;--;--;--;--;--;--;--;--;0.14;119.45;7.13;132.07;12.80;145.51;16.76;159.84;18.66;174.82;18.31;190.01;15.75;204.83;11.22;218.90;5.10;232.08;--;--;--;--;--;--;--;--;--;--;--;--;
2018-02-05;--;--;--;--;--;--;--;--;--;--;--;--;--;--;--;--;--;--;0.39;119.28;7.39;131.92;13.08;145.39;17.05;159.75;18.96;174.79;18.62;190.02;16.05;204.89;11.51;218.99;5.38;232.20;--;--;--;--;--;--;--;--;--;--;--;--;
2018-02-06;--;--;--;--;--;--;--;--;--;--;--;--;--;--;--;--;--;--;0.64;119.10;7.65;131.77;13.36;145.27;17.35;159.67;19.27;174.75;18.92;190.03;16.35;204.95;11.80;219.10;5.66;232.33;--;--;--;--;--;--;--;--;--;--;--;--;
2018-02-07;--;--;--;--;--;--;--;--;--;--;--;--;--;--;--;--;--;--;0.90;118.93;7.92;131.61;13.65;145.14;17.65;159.58;19.58;174.72;19.23;190.05;16.65;205.02;12.09;219.20;5.94;232.47;--;--;--;--;--;--;--;--;--;--;--;--;
2018-02-08;--;--;--;--;--;--;--;--;--;--;--;--;--;--;--;--;--;--;1.16;118.76;8.20;131.46;13.94;145.02;17.96;159.50;19.89;174.69;19.55;190.08;16.96;205.09;12.39;219.31;6.22;232.61;--;--;--;--;--;--;--;--;--;--;--;--;
2018-02-09;--;--;--;--;--;--;--;--;--;--;--;--;--;--;--;--;--;--;1.43;118.58;8.48;131.31;14.24;144.90;18.27;159.42;20.21;174.66;19.87;190.10;17.27;205.17;12.69;219.43;6.51;232.75;--;--;--;--;--;--;--;--;--;--;--;--;
2018-02-10;--;--;--;--;--;--;--;--;--;--;--;--;--;--;--;--;--;--;1.70;118.41;8.77;131.16;14.54;144.78;18.58;159.35;20.53;174.63;20.19;190.13;17.59;205.25;12.99;219.55;6.79;232.90;-0.57;245.46;--;--;--;--;--;--;--;--;--;--;
2018-02-11;--;--;--;--;--;--;--;--;--;--;--;--;--;--;--;--;--;--;1.98;118.24;9.06;131.01;14.84;144.66;18.90;159.27;20.86;174.61;20.51;190.17;17.90;205.34;13.29;219.67;7.08;233.06;-0.30;245.63;--;--;--;--;--;--;--;--;--;--;
2018-02-12;--;--;--;--;--;--;--;--;--;--;--;--;--;--;--;--;--;--;2.26;118.06;9.36;130.86;15.15;144.55;19.22;159.20;21.19;174.59;20.84;190.21;18.22;205.42;13.60;219.80;7.37;233.22;-0.02;245.81;--;--;--;--;--;--;--;--;--;--;
2018-02-13;--;--;--;--;--;--;--;--;--;--;--;--;--;--;--;--;--;--;2.54;117.89;9.66;130.71;15.47;144.43;19.55;159.13;21.52;174.58;21.18;190.25;18.55;205.52;13.91;219.94;7.67;233.38;0.26;246.00;--;--;--;--;--;--;--;--;--;--;
2018-02-14;--;--;--;--;--;--;--;--;--;--;--;--;--;--;--;--;--;--;2.84;117.72;9.96;130.57;15.79;144.32;19.88;159.06;21.86;174.57;21.51;190.29;18.87;205.62;14.22;220.08;7.96;233.55;0.54;246.19;--;--;--;--;--;--;--;--;--;--;
2018-02-15;--;--;--;--;--;--;--;--;--;--;--;--;--;--;--;--;--;--;3.13;117.55;10.27;130.42;16.11;144.21;20.22;159.00;22.20;174.56;21.85;190.34;19.20;205.72;14.53;220.22;8.26;233.72;0.83;246.38;--;--;--;--;--;--;--;--;--;--;
2018-02-16;--;--;--;--;--;--;--;--;--;--;--;--;--;--;--;--;--;--;3.43;117.38;10.59;130.28;16.44;144.10;20.56;158.93;22.55;174.55;22.19;190.40;19.53;205.83;14.85;220.37;8.56;233.90;1.11;246.58;--;--;--;--;--;--;--;--;--;--;
2018-02-17;--;--;--;--;--;--;--;--;--;--;--;--;--;--;--;--;--;--;3.74;117.22;10.90;130.13;16.78;143.99;20.90;158.87;22.90;174.55;22.54;190.46;19.86;205.94;15.16;220.53;8.86;234.08;1.39;246.78;--;--;--;--;--;--;--;--;--;--;
2018-02-18;--;--;--;--;--;--;--;--;--;--;--;--;--;--;--;--;--;--;4.05;117.05;11.23;129.99;17.11;143.88;21.25;158.81;23.25;174.54;22.88;190.52;20.20;206.06;15.48;220.68;9.16;234.27;1.68;246.99;--;--;--;--;--;--;--;--;--;--;
2018-02-19;--;--;--;--;--;--;--;--;--;--;--;--;--;--;--;--;--;--;4.36;116.88;11.55;129.84;17.45;143.77;21.60;158.75;23.61;174.55;23.24;190.58;20.54;206.18;15.80;220.85;9.46;234.46;1.97;247.20;--;--;--;--;--;--;--;--;--;--;
2018-02-20;--;--;--;--;--;--;--;--;--;--;--;--;--;--;--;--;--;--;4.68;116.71;11.88;129.70;17.80;143.67;21.96;158.70;23.96;174.55;23.59;190.65;20.88;206.30;16.12;221.01;9.76;234.66;2.26;247.41;--;--;--;--;--;--;--;--;--;--;
2018-02-21;--;--;--;--;--;--;--;--;--;--;--;--;--;--;--;--;--;--;5.00;116.55;12.22;129.56;18.14;143.56;22.32;158.64;24.33;174.56;23.94;190.72;21.22;206.43;16.44;221.18;10.07;234.86;2.55;247.63;--;--;--;--;--;--;--;--;--;--;
2018-02-22;--;--;--;--;--;--;--;--;--;--;--;--;--;--;--;--;--;--;5.32;116.38;12.55;129.42;18.49;143.46;22.68;158.59;24.69;174.57;24.30;190.80;21.56;206.56;16.77;221.36;10.37;235.06;2.84;247.85;--;--;--;--;--;--;--;--;--;--;
2018-02-23;--;--;--;--;--;--;--;--;--;--;--;--;--;--;--;--;--;--;5.65;116.22;12.89;129.28;18.85;143.36;23.04;158.54;25.06;174.58;24.66;190.88;21.90;206.70;17.09;221.54;10.68;235.27;3.13;248.08;--;--;--;--;--;--;--;--;--;--;
2018-02-24;--;--;--;--;--;--;--;--;--;--;--;--;--;--;--;--;--;--;5.98;116.06;13.24;129.14;19.21;143.25;23.41;158.49;25.43;174.60;25.02;190.96;22.25;206.84;17.42;221.72;10.98;235.48;3.42;248.31;--;--;--;--;--;--;--;--;--;--;
2018-02-25;--;--;--;--;--;--;--;--;--;--;--;--;--;--;--;--;--;--;6.32;115.89;13.59;129.01;19.57;143.15;23.78;158.45;25.80;174.62;25.39;191.05;22.60;206.98;17.75;221.91;11.29;235.69;3.71;248.54;--;--;--;--;--;--;--;--;--;--;
2018-02-26;--;--;--;--;--;--;--;--;--;--;--;--;--;--;--;--;--;--;6.66;115.73;13.94;128.87;19.93;143.06;24.15;158.40;26.17;174.64;25.76;191.14;22.95;207.13;18.08;222.10;11.60;235.91;4.00;248.78;--;--;--;--;--;--;--;--;--;--;
2018-02-27;--;--;--;--;--;--;--;--;--;--;--;--;--;--;--;--;--;--;7.00;115.57;14.29;128.73;20.30;142.96;24.53;158.36;26.55;174.67;26.12;191.23;23.30;207.29;18.40;222.29;11.91;236.14;4.29;249.02;--;--;--;--;--;--;--;--;--;--;
2018-02-28;--;--;--;--;--;--;--;--;--;--;--;--;--;--;--;--;-0.78;102.94;7.34;115.41;14.65;128.60;20.66;142.86;24.90;158.32;26.93;174.69;26.49;191.33;23.65;207.44;18.73;222.49;12.22;236.36;4.59;249.26;--;--;--;--;--;--;--;--;--;--;
2018-03-01;--;--;--;--;--;--;--;--;--;--;--;--;--;--;--;--;-0.45;102.77;7.69;115.25;15.01;128.46;21.04;142.77;25.29;158.28;27.31;174.72;26.86;191.43;24.00;207.60;19.07;222.70;12.53;236.59;4.88;249.51;--;--;--;--;--;--;--;--;--;--;
2018-03-02;--;--;--;--;--;--;--;--;--;--;--;--;--;--;--;--;-0.10;102.59;8.04;115.09;15.37;128.33;21.41;142.67;25.67;158.24;27.69;174.76;27.24;191.54;24.36;207.77;19.40;222.90;12.84;236.82;5.17;249.76;--;--;--;--;--;--;--;--;--;--;
2018-03-03;--;--;--;--;--;--;--;--;--;--;--;--;--;--;--;--;0.24;102.42;8.39;114.93;15.73;128.20;21.78;142.58;26.05;158.21;28.08;174.79;27.61;191.64;24.71;207.94;19.73;223.11;13.15;237.06;5.47;250.01;--;--;--;--;--;--;--;--;--;--;
2018-03-04;--;--;--;--;--;--;--;--;--;--;--;--;--;--;--;--;0.59;102.25;8.75;114.77;16.10;128.06;22.16;142.49;26.44;158.17;28.47;174.83;27.99;191.75;25.07;208.11;20.06;223.33;13.46;237.30;5.76;250.26;--;--;--;--;--;--;--;--;--;--;
2018-03-05;--;--;--;--;--;--;--;--;--;--;--;--;--;--;--;--;0.94;102.07;9.10;114.61;16.46;127.93;22.54;142.40;26.83;158.14;28.85;174.87;28.36;191.87;25.42;208.28;20.39;223.54;13.77;237.54;6.06;250.52;--;--;--;--;--;--;--;--;--;--;
2018-03-06;--;--;--;--;--;--;--;--;--;--;--;--;--;--;--;--;1.29;101.90;9.46;114.46;16.83;127.80;22.93;142.31;27.22;158.11;29.24;174.91;28.74;191.98;25.78;208.46;20.73;223.76;14.08;237.79;6.35;250.78;--;--;--;--;--;--;--;--;--;--;
2018-03-07;--;--;--;--;--;--;--;--;--;--;--;--;--;--;--;--;1.64;101.73;9.82;114.30;17.21;127.67;23.31;142.22;27.61;158.08;29.63;174.95;29.12;192.10;26.14;208.64;21.06;223.99;14.39;238.04;6.64;251.04;--;--;--;--;--;--;--;--;--;--;
2018-03-08;--;--;--;--;--;--;--;--;--;--;--;--;--;--;--;--;1.99;101.56;10.19;114.14;17.58;127.54;23.69;142.13;28.00;158.05;30.03;175.00;29.50;192.23;26.50;208.83;21.39;224.22;14.70;238.29;6.94;251.31;--;--;--;--;--;--;--;--;--;--;
2018-03-09;--;--;--;--;--;--;--;--;--;--;--;--;--;--;--;--;2.35;101.39;10.55;113.99;17.96;127.41;24.08;142.04;28.40;158.02;30.42;175.05;29.88;192.35;26.85;209.01;21.72;224.45;15.01;238.54;7.23;251.58;--;--;--;--;--;--;--;--;--;--;
2018-03-10;--;--;--;--;--;--;--;--;--;--;--;--;--;--;--;--;2.71;101.22;10.92;113.83;18.33;127.28;24.47;141.95;28.79;158.00;30.81;175.10;30.26;192.48;27.21;209.21;22.06;224.68;15.32;238.80;7.52;251.85;--;--;--;--;--;--;--;--;--;--;
2018-03-11;--;--;--;--;--;--;--;--;--;--;--;--;--;--;--;--;3.07;101.05;11.28;113.68;18.71;127.15;24.86;141.87;29.19;157.97;31.21;175.15;30.64;192.61;27.57;209.40;22.39;224.91;15.63;239.06;7.82;252.12;-0.58;264.55;--;--;--;--;--;--;--;--;
2018-03-12;--;--;--;--;--;--;--;--;--;--;--;--;--;--;--;--;3.43;100.89;11.65;113.53;19.09;127.02;25.25;141.78;29.59;157.95;31.60;175.21;31.02;192.75;27.93;209.60;22.72;225.15;15.94;239.32;8.11;252.39;-0.30;264.83;--;--;--;--;--;--;--;--;
2018-03-13;--;--;--;--;--;--;--;--;--;--;--;--;--;--;--;--;3.79;100.72;12.02;113.37;19.47;126.89;25.64;141.69;29.99;157.93;32.00;175.27;31.41;192.88;28.29;209.80;23.05;225.39;16.25;239.58;8.40;252.67;-0.01;265.11;--;--;--;--;--;--;--;--;
2018-03-14;--;--;--;--;--;--;--;--;--;--;--;--;--;--;--;--;4.16;100.55;12.39;113.22;19.85;126.76;26.04;141.61;30.39;157.90;32.40;175.32;31.79;193.02;28.65;210.00;23.39;225.64;16.56;239.85;8.70;252.94;0.27;265.39;--;--;--;--;--;--;--;--;
2018-03-15;--;--;--;--;--;--;--;--;--;--;--;--;--;--;--;--;4.52;100.39;12.77;113.06;20.24;126.64;26.43;141.52;30.79;157.88;32.80;175.38;32.17;193.16;29.00;210.21;23.72;225.88;16.86;240.12;8.99;253.22;0.55;265.67;--;--;--;--;--;--;--;--;
2018-03-16;--;--;--;--;--;--;--;--;--;--;--;--;--;--;--;--;4.89;100.22;13.14;112.91;20.62;126.51;26.82;141.44;31.19;157.86;33.19;175.45;32.55;193.31;29.36;210.42;24.05;226.13;17.17;240.39;9.28;253.50;0.84;265.96;--;--;--;--;--;--;--;--;
2018-03-17;--;--;--;--;--;--;--;--;--;--;--;--;--;--;--;--;5.26;100.06;13.51;112.76;21.00;126.38;27.22;141.35;31.59;157.85;33.59;175.51;32.93;193.45;29.72;210.63;24.38;226.38;17.48;240.66;9.57;253.78;1.12;266.24;--;--;--;--;--;--;--;--;
2018-03-18;--;--;--;--;--;--;--;--;--;--;--;--;--;--;--;--;5.62;99.89;13.89;112.61;21.39;126.25;27.61;141.27;31.99;157.83;33.99;175.58;33.32;193.60;30.08;210.84;24.71;226.64;17.78;240.93;9.86;254.06;1.40;266.53;--;--;--;--;--;--;--;--;
2018-03-19;--;--;--;--;--;--;--;--;--;--;--;--;--;--;--;--;5.99;99.73;14.26;112.45;21.77;126.13;28.01;141.19;32.39;157.81;34.39;175.64;33.70;193.75;30.43;211.06;25.04;226.89;18.09;241.21;10.15;254.35;1.69;266.81;--;--;--;--;--;--;--;--;
2018-03-20;--;--;--;--;--;--;--;--;--;--;--;--;--;--;--;--;6.36;99.56;14.63;112.30;22.15;126.00;28.40;141.10;32.80;157.79;34.79;175.71;34.08;193.91;30.79;211.27;25.36;227.15;18.39;241.49;10.44;254.63;1.97;267.10;--;--;--;--;--;--;--;--;
2018-03-21;--;--;--;--;--;--;--;--;--;--;--;--;--;--;--;--;6.73;99.40;15.01;112.15;22.54;125.87;28.80;141.02;33.20;157.78;35.18;175.78;34.46;194.06;31.14;211.49;25.69;227.41;18.70;241.76;10.73;254.92;2.25;267.39;--;--;--;--;--;--;--;--;
2018-03-22;--;--;--;--;--;--;--;--;--;--;--;--;--;--;--;--;7.09;99.23;15.38;112.00;22.92;125.74;29.19;140.94;33.60;157.76;35.58;175.85;34.84;194.22;31.50;211.72;26.02;227.67;19.00;242.04;11.01;255.20;2.53;267.68;--;--;--;--;--;--;--;--;
2018-03-23;--;--;--;--;--;--;--;--;--;--;--;--;--;--;--;--;7.46;99.07;15.76;111.84;23.31;125.62;29.59;140.85;34.00;157.75;35.98;175.92;35.22;194.38;31.85;211.94;26.34;227.93;19.30;242.32;11.30;255.49;2.81;267.96;--;--;--;--;--;--;--;--;
2018-03-24;--;--;--;--;--;--;--;--;--;--;--;--;--;--;-0.77;86.58;7.83;98.91;16.13;111.69;23.69;125.49;29.98;140.77;34.40;157.73;36.38;176.00;35.60;194.54;32.20;212.17;26.67;228.20;19.60;242.60;11.58;255.78;3.09;268.25;--;--;--;--;--;--;--;--;
2018-03-25;--;--;--;--;--;--;--;--;--;--;--;--;--;--;-0.40;86.42;8.19;98.75;16.50;111.54;24.07;125.36;30.38;140.68;34.80;157.72;36.77;176.07;35.98;194.70;32.55;212.39;26.99;228.46;19.90;242.89;11.87;256.07;3.37;268.54;--;--;--;--;--;--;--;--;
2018-03-26;--;--;--;--;--;--;--;--;--;--;--;--;--;--;-0.04;86.25;8.56;98.58;16.87;111.39;24.46;125.23;30.77;140.60;35.20;157.70;37.17;176.15;36.36;194.86;32.90;212.62;27.31;228.73;20.20;243.17;12.15;256.35;3.65;268.83;--;--;--;--;--;--;--;--;
2018-03-27;--;--;--;--;--;--;--;--;--;--;--;--;--;--;0.33;86.09;8.93;98.42;17.25;111.24;24.84;125.10;31.16;140.51;35.60;157.69;37.56;176.22;36.73;195.03;33.25;212.85;27.63;229.00;20.50;243.45;12.44;256.64;3.92;269.12;--;--;--;--;--;--;--;--;
2018-03-28;--;--;--;--;--;--;--;--;--;--;--;--;--;--;0.69;85.93;9.29;98.26;17.62;111.08;25.22;124.97;31.55;140.43;36.00;157.67;37.96;176.30;37.11;195.20;33.60;213.09;27.95;229.26;20.80;243.74;12.72;256.93;4.20;269.40;--;--;--;--;--;--;--;--;
2018-03-29;--;--;--;--;--;--;--;--;--;--;--;--;--;--;1.06;85.77;9.66;98.10;17.99;110.93;25.60;124.84;31.95;140.34;36.40;157.66;38.35;176.38;37.48;195.36;33.95;213.32;28.27;229.53;21.09;244.02;13.00;257.22;4.48;269.69;--;--;--;--;--;--;--;--;
2018-03-30;--;--;--;--;--;--;--;--;--;--;--;--;--;--;1.42;85.61;10.02;97.93;18.36;110.78;25.98;124.71;32.33;140.26;36.79;157.64;38.74;176.46;37.86;195.53;34.29;213.55;28.59;229.80;21.39;244.31;13.28;257.51;4.75;269.97;--;--;--;--;--;--;--;--;
2018-03-31;--;--;--;--;--;--;--;--;--;--;--;--;--;--;1.78;85.44;10.38;97.77;18.72;110.62;26.35;124.58;32.72;140.17;37.19;157.63;39.13;176.53;38.23;195.70;34.64;213.79;28.90;230.08;21.68;244.59;13.56;257.79;5.03;270.26;--;--;--;--;--;--;--;--;
2018-04-01;--;--;--;--;--;--;--;--;--;--;--;--;--;--;2.14;85.28;10.74;97.61;19.09;110.47;26.73;124.45;33.11;140.08;37.58;157.61;39.52;176.61;38.60;195.87;34.98;214.03;29.21;230.35;21.97;244.88;13.83;258.08;5.30;270.54;--;--;--;--;--;--;--;--;
2018-04-02;--;--;--;--;--;--;--;--;--;--;--;--;--;--;2.50;85.12;11.10;97.45;19.45;110.31;27.10;124.32;33.50;139.99;37.97;157.60;39.91;176.69;38.97;196.04;35.32;214.26;29.53;230.62;22.26;245.16;14.11;258.37;5.57;270.83;--;--;--;--;--;--;--;--;
2018-04-03;--;--;--;--;--;--;--;--;--;--;--;--;--;--;2.85;84.96;11.46;97.28;19.82;110.16;27.48;124.18;33.88;139.91;38.36;157.58;40.29;176.77;39.33;196.22;35.66;214.50;29.84;230.89;22.55;245.44;14.39;258.65;5.84;271.11;--;--;--;--;--;--;--;--;
2018-04-04;--;--;--;--;--;--;--;--;--;--;--;--;--;--;3.21;84.80;11.81;97.12;20.18;110.00;27.85;124.05;34.26;139.82;38.75;157.57;40.68;176.85;39.70;196.39;36.00;214.74;30.15;231.16;22.83;245.73;14.66;258.94;6.11;271.39;--;--;--;--;--;--;--;--;
2018-04-05;--;--;--;--;--;--;--;--;--;--;--;--;--;--;3.56;84.64;12.16;96.96;20.54;109.85;28.22;123.91;34.64;139.72;39.14;157.55;41.06;176.93;40.06;196.56;36.33;214.98;30.45;231.44;23.12;246.01;14.93;259.22;6.38;271.67;--;--;--;--;--;--;--;--;
2018-04-06;--;--;--;--;--;--;--;--;--;--;--;--;--;--;3.91;84.48;12.52;96.80;20.89;109.69;28.58;123.78;35.02;139.63;39.52;157.53;41.44;177.01;40.42;196.74;36.66;215.22;30.76;231.71;23.40;246.30;15.20;259.50;6.65;271.95;--;--;--;--;--;--;--;--;
2018-04-07;--;--;--;--;--;--;--;--;--;--;--;--;--;--;4.26;84.32;12.87;96.63;21.25;109.53;28.95;123.64;35.39;139.54;39.91;157.51;41.82;177.09;40.78;196.91;37.00;215.46;31.06;231.98;23.69;246.58;15.47;259.78;6.92;272.22;--;--;--;--;--;--;--;--;
2018-04-08;--;--;--;--;--;--;--;--;--;--;--;--;--;--;4.61;84.16;13.21;96.47;21.60;109.38;29.31;123.50;35.77;139.44;40.29;157.49;42.20;177.17;41.14;197.09;37.33;215.70;31.37;232.25;23.97;246.86;15.74;260.06;7.18;272.50;--;--;--;--;--;--;--;--;
2018-04-09;--;--;--;--;--;--;--;--;--;--;--;--;--;--;4.95;84.00;13.56;96.31;21.95;109.22;29.67;123.37;36.14;139.35;40.67;157.47;42.57;177.24;41.50;197.26;37.65;215.94;31.67;232.52;24.25;247.14;16.01;260.34;7.45;272.77;--;--;--;--;--;--;--;--;
2018-04-10;--;--;--;--;--;--;--;--;--;--;--;--;--;--;5.30;83.84;13.90;96.15;22.30;109.06;30.03;123.23;36.51;139.25;41.04;157.45;42.94;177.32;41.85;197.43;37.98;216.18;31.96;232.79;24.52;247.42;16.28;260.62;7.71;273.04;-0.76;285.28;--;--;--;--;--;--;
2018-04-11;--;--;--;--;--;--;--;--;--;--;--;--;--;--;5.64;83.68;14.24;95.98;22.64;108.90;30.38;123.09;36.88;139.15;41.42;157.42;43.31;177.40;42.20;197.61;38.30;216.42;32.26;233.06;24.80;247.70;16.54;260.90;7.97;273.31;-0.49;285.54;--;--;--;--;--;--;
2018-04-12;--;--;--;--;--;--;--;--;--;--;--;--;--;--;5.97;83.52;14.58;95.82;22.98;108.74;30.73;122.94;37.24;139.06;41.79;157.40;43.68;177.47;42.55;197.78;38.62;216.66;32.55;233.33;25.07;247.97;16.80;261.17;8.23;273.58;-0.22;285.80;--;--;--;--;--;--;
2018-04-13;--;--;--;--;--;--;--;--;--;--;--;--;--;--;6.31;83.37;14.91;95.65;23.32;108.58;31.08;122.80;37.60;138.95;42.16;157.37;44.05;177.55;42.90;197.95;38.94;216.90;32.85;233.60;25.35;248.25;17.07;261.44;8.49;273.84;0.04;286.05;--;--;--;--;--;--;
2018-04-14;--;--;--;--;--;--;--;--;--;--;--;--;--;--;6.64;83.21;15.24;95.49;23.66;108.42;31.43;122.66;37.96;138.85;42.52;157.34;44.41;177.62;43.24;198.13;39.26;217.13;33.14;233.87;25.62;248.52;17.32;261.71;8.75;274.10;0.31;286.30;--;--;--;--;--;--;
2018-04-15;--;--;--;--;--;--;--;--;--;--;--;--;--;--;6.97;83.05;15.57;95.33;23.99;108.26;31.77;122.51;38.31;138.75;42.89;157.31;44.77;177.70;43.58;198.30;39.57;217.37;33.42;234.13;25.88;248.79;17.58;261.98;9.01;274.36;0.57;286.55;--;--;--;--;--;--;
2018-04-16;--;--;--;--;--;--;--;--;--;--;--;--;--;--;7.29;82.89;15.89;95.16;24.32;108.10;32.11;122.37;38.66;138.64;43.25;157.28;45.13;177.77;43.92;198.47;39.89;217.61;33.71;234.40;26.15;249.06;17.84;262.24;9.26;274.62;0.83;286.80;--;--;--;--;--;--;
2018-04-17;--;--;--;--;--;--;--;--;--;--;--;--;-0.76;70.55;7.62;82.73;16.22;95.00;24.65;107.93;32.45;122.22;39.01;138.54;43.61;157.25;45.48;177.84;44.26;198.64;40.20;217.84;33.99;234.66;26.42;249.33;18.09;262.51;9.52;274.88;1.10;287.04;--;--;--;--;--;--;
2018-04-18;--;--;--;--;--;--;--;--;--;--;--;--;-0.43;70.40;7.93;82.57;16.53;94.83;24.97;107.77;32.78;122.07;39.36;138.43;43.96;157.22;45.83;177.91;44.59;198.81;40.50;218.07;34.27;234.92;26.68;249.60;18.35;262.77;9.77;275.13;1.35;287.28;--;--;--;--;--;--;
2018-04-19;--;--;--;--;--;--;--;--;--;--;--;--;-0.11;70.25;8.25;82.41;16.85;94.66;25.29;107.61;33.11;121.92;39.70;138.32;44.31;157.18;46.18;177.97;44.92;198.97;40.81;218.30;34.55;235.18;26.94;249.86;18.60;263.03;10.02;275.38;1.61;287.52;--;--;--;--;--;--;
2018-04-20;--;--;--;--;--;--;--;--;--;--;--;--;0.21;70.11;8.56;82.25;17.16;94.50;25.61;107.44;33.43;121.77;40.04;138.21;44.66;157.14;46.53;178.04;45.25;199.14;41.11;218.53;34.83;235.44;27.20;250.12;18.85;263.28;10.27;275.62;1.87;287.76;--;--;--;--;--;--;
2018-04-21;--;--;--;--;--;--;--;--;--;--;--;--;0.52;69.96;8.87;82.09;17.47;94.33;25.92;107.28;33.75;121.62;40.37;138.09;45.00;157.10;46.87;178.10;45.58;199.30;41.41;218.76;35.10;235.69;27.45;250.38;19.10;263.54;10.52;275.87;2.12;287.99;--;--;--;--;--;--;
2018-04-22;--;--;--;--;--;--;--;--;--;--;--;--;0.83;69.82;9.17;81.94;17.77;94.17;26.23;107.11;34.07;121.47;40.70;137.98;45.34;157.06;47.21;178.16;45.90;199.46;41.70;218.99;35.37;235.94;27.71;250.64;19.34;263.78;10.76;276.11;2.38;288.22;--;--;--;--;--;--;
2018-04-23;--;--;--;--;--;--;--;--;--;--;--;--;1.14;69.67;9.47;81.78;18.07;94.00;26.53;106.94;34.38;121.32;41.03;137.86;45.68;157.02;47.54;178.22;46.22;199.63;42.00;219.21;35.64;236.19;27.96;250.89;19.59;264.03;11.01;276.34;2.63;288.44;--;--;--;--;--;--;
2018-04-24;--;--;--;--;--;--;--;--;--;--;--;--;1.44;69.53;9.77;81.62;18.36;93.83;26.83;106.78;34.69;121.16;41.35;137.74;46.01;156.97;47.87;178.28;46.53;199.78;42.29;219.43;35.91;236.44;28.21;251.14;19.83;264.28;11.25;276.58;2.88;288.66;--;--;--;--;--;--;
2018-04-25;--;--;--;--;--;--;--;--;--;--;--;--;1.74;69.38;10.06;81.46;18.66;93.67;27.12;106.61;35.00;121.00;41.67;137.62;46.34;156.92;48.20;178.34;46.84;199.94;42.57;219.65;36.17;236.68;28.46;251.39;20.07;264.52;11.49;276.81;3.12;288.88;--;--;--;--;--;--;
2018-04-26;--;--;--;--;--;--;--;--;--;--;--;--;2.03;69.24;10.35;81.30;18.94;93.50;27.41;106.44;35.30;120.85;41.98;137.50;46.66;156.87;48.53;178.39;47.15;200.10;42.86;219.87;36.44;236.93;28.70;251.63;20.30;264.75;11.73;277.03;3.37;289.09;--;--;--;--;--;--;
2018-04-27;--;--;--;--;--;--;--;--;--;--;--;--;2.32;69.09;10.63;81.14;19.22;93.34;27.70;106.27;35.59;120.69;42.29;137.37;46.98;156.81;48.85;178.44;47.46;200.25;43.14;220.09;36.69;237.17;28.95;251.87;20.54;264.99;11.96;277.26;3.61;289.30;--;--;--;--;--;--;
2018-04-28;--;--;--;--;--;--;--;--;--;--;--;--;2.61;68.95;10.91;80.99;19.50;93.17;27.98;106.10;35.89;120.53;42.59;137.25;47.30;156.76;49.16;178.49;47.76;200.40;43.42;220.30;36.95;237.40;29.19;252.11;20.77;265.22;12.20;277.47;3.85;289.51;--;--;--;--;--;--;
2018-04-29;--;--;--;--;--;--;--;--;--;--;--;--;2.89;68.80;11.19;80.83;19.78;93.00;28.26;105.93;36.17;120.37;42.89;137.12;47.61;156.70;49.48;178.54;48.06;200.54;43.69;220.51;37.20;237.63;29.43;252.34;21.01;265.44;12.43;277.69;4.09;289.71;--;--;--;--;--;--;
2018-04-30;--;--;--;--;--;--;--;--;--;--;--;--;3.16;68.66;11.46;80.67;20.05;92.83;28.53;105.76;36.46;120.21;43.19;136.99;47.92;156.64;49.79;178.58;48.35;200.69;43.96;220.71;37.45;237.86;29.66;252.57;21.24;265.67;12.66;277.90;4.33;289.91;--;--;--;--;--;--;
2018-05-01;--;--;--;--;--;--;--;--;--;--;--;--;3.43;68.52;11.72;80.51;20.31;92.67;28.80;105.59;36.73;120.04;43.48;136.86;48.22;156.58;50.09;178.62;48.64;200.83;44.23;220.92;37.70;238.09;29.89;252.80;21.46;265.88;12.89;278.11;4.57;290.10;--;--;--;--;--;--;
2018-05-02;--;--;--;--;--;--;--;--;--;--;--;--;3.70;68.37;11.99;80.36;20.57;92.50;29.06;105.42;37.01;119.88;43.77;136.72;48.52;156.51;50.39;178.66;48.93;200.97;44.50;221.12;37.95;238.31;30.13;253.02;21.69;266.10;13.11;278.31;4.80;290.29;--;--;--;--;--;--;
2018-05-03;--;--;--;--;--;--;--;--;--;--;--;--;3.96;68.23;12.24;80.20;20.82;92.34;29.32;105.25;37.27;119.72;44.05;136.59;48.82;156.44;50.69;178.69;49.22;201.10;44.76;221.31;38.19;238.53;30.35;253.24;21.91;266.31;13.34;278.51;5.03;290.48;--;--;--;--;--;--;
2018-05-04;--;--;--;--;--;--;--;--;--;--;--;--;4.22;68.09;12.49;80.04;21.07;92.17;29.58;105.08;37.54;119.55;44.32;136.45;49.11;156.37;50.98;178.72;49.50;201.23;45.02;221.51;38.43;238.74;30.58;253.46;22.13;266.52;13.56;278.71;5.26;290.66;--;--;--;--;--;--;
2018-05-05;--;--;--;--;--;--;--;--;--;--;--;--;4.47;67.95;12.74;79.89;21.32;92.00;29.82;104.91;37.79;119.39;44.60;136.31;49.39;156.30;51.27;178.75;49.77;201.36;45.27;221.69;38.66;238.95;30.80;253.67;22.35;266.72;13.78;278.90;5.48;290.84;--;--;--;--;--;--;
2018-05-06;--;--;--;--;--;--;--;--;--;--;--;--;4.72;67.80;12.98;79.73;21.56;91.84;30.07;104.74;38.04;119.22;44.86;136.17;49.67;156.22;51.55;178.77;50.04;201.49;45.53;221.88;38.89;239.16;31.02;253.88;22.56;266.92;13.99;279.09;5.71;291.01;--;--;--;--;--;--;
2018-05-07;--;--;--;--;--;--;--;--;--;--;--;--;4.96;67.66;13.22;79.58;21.79;91.67;30.30;104.57;38.29;119.05;45.12;136.03;49.94;156.14;51.83;178.79;50.31;201.61;45.77;222.06;39.12;239.36;31.24;254.08;22.77;267.11;14.21;279.27;5.93;291.18;--;--;--;--;--;--;
2018-05-08;--;--;--;--;--;--;--;--;--;--;--;--;5.20;67.52;13.45;79.42;22.02;91.51;30.53;104.40;38.53;118.89;45.38;135.89;50.21;156.06;52.10;178.81;50.57;201.72;46.02;222.24;39.35;239.56;31.45;254.28;22.98;267.30;14.42;279.45;6.14;291.35;--;--;--;--;--;--;
2018-05-09;--;--;--;--;--;--;--;--;--;--;--;--;5.43;67.38;13.67;79.27;22.24;91.35;30.76;104.23;38.77;118.72;45.63;135.74;50.48;155.98;52.37;178.83;50.83;201.84;46.26;222.41;39.57;239.75;31.67;254.47;23.19;267.49;14.63;279.62;6.36;291.51;--;--;--;--;--;--;
2018-05-10;--;--;--;--;--;--;--;--;--;--;--;--;5.66;67.24;13.89;79.12;22.46;91.18;30.98;104.06;39.00;118.55;45.87;135.59;50.73;155.89;52.64;178.84;51.09;201.95;46.50;222.58;39.79;239.94;31.87;254.66;23.40;267.67;14.83;279.79;6.57;291.66;--;--;--;--;--;--;
2018-05-11;--;--;--;--;--;--;--;--;--;--;--;--;5.88;67.11;14.11;78.97;22.67;91.02;31.20;103.89;39.22;118.38;46.11;135.45;50.99;155.80;52.90;178.85;51.34;202.05;46.73;222.74;40.01;240.13;32.08;254.84;23.60;267.84;15.04;279.95;6.78;291.81;-0.81;303.92;--;--;--;--;
2018-05-12;--;--;--;--;--;--;--;--;--;--;--;--;6.10;66.97;14.32;78.82;22.88;90.86;31.41;103.72;39.44;118.21;46.34;135.30;51.24;155.71;53.15;178.85;51.58;202.15;46.96;222.90;40.22;240.31;32.28;255.02;23.80;268.01;15.24;280.11;6.99;291.96;-0.59;304.05;--;--;--;--;
2018-05-13;--;--;--;--;--;--;--;--;--;--;--;--;6.31;66.83;14.52;78.67;23.08;90.70;31.61;103.55;39.65;118.04;46.57;135.15;51.48;155.61;53.40;178.85;51.83;202.25;47.18;223.05;40.43;240.48;32.48;255.19;23.99;268.18;15.43;280.27;7.19;292.10;-0.38;304.17;--;--;--;--;
2018-05-14;--;--;--;--;--;--;--;--;--;--;--;--;6.51;66.70;14.72;78.52;23.28;90.54;31.81;103.38;39.86;117.87;46.79;135.00;51.71;155.52;53.64;178.85;52.06;202.34;47.40;223.20;40.64;240.65;32.68;255.36;24.18;268.34;15.63;280.42;7.39;292.24;-0.17;304.30;--;--;--;--;
2018-05-15;--;--;--;--;--;--;--;--;--;--;-0.78;54.48;6.71;66.56;14.91;78.37;23.47;90.38;32.00;103.22;40.06;117.71;47.01;134.85;51.94;155.42;53.88;178.84;52.29;202.43;47.62;223.35;40.84;240.81;32.87;255.53;24.37;268.50;15.82;280.56;7.59;292.37;0.04;304.41;--;--;--;--;
2018-05-16;--;--;--;--;--;--;--;--;--;--;-0.58;54.36;6.90;66.43;15.10;78.22;23.65;90.22;32.19;103.05;40.26;117.54;47.22;134.69;52.17;155.32;54.11;178.83;52.52;202.51;47.83;223.49;41.04;240.97;33.06;255.69;24.56;268.65;16.01;280.70;7.78;292.50;0.24;304.52;--;--;--;--;
2018-05-17;--;--;--;--;--;--;--;--;--;--;-0.38;54.24;7.09;66.29;15.28;78.08;23.83;90.06;32.37;102.88;40.45;117.37;47.42;134.54;52.39;155.21;54.34;178.81;52.75;202.59;48.04;223.62;41.24;241.13;33.25;255.84;24.75;268.79;16.19;280.84;7.97;292.62;0.44;304.63;--;--;--;--;
2018-05-18;--;--;--;--;--;--;--;--;--;--;-0.19;54.12;7.27;66.16;15.45;77.93;24.00;89.91;32.55;102.72;40.63;117.20;47.62;134.39;52.60;155.11;54.56;178.79;52.96;202.66;48.25;223.75;41.43;241.27;33.43;255.99;24.93;268.93;16.38;280.97;8.16;292.74;0.64;304.73;--;--;--;--;
2018-05-19;--;--;--;--;--;--;--;--;--;--;0.00;54.01;7.45;66.03;15.62;77.79;24.17;89.75;32.72;102.56;40.81;117.04;47.81;134.23;52.81;155.00;54.78;178.77;53.18;202.73;48.45;223.87;41.62;241.42;33.61;256.13;25.10;269.07;16.56;281.09;8.35;292.85;0.83;304.83;--;--;--;--;
2018-05-20;--;--;--;--;--;--;--;--;--;--;0.18;53.89;7.62;65.90;15.79;77.65;24.33;89.60;32.88;102.39;40.98;116.87;47.99;134.08;53.01;154.89;54.99;178.74;53.38;202.79;48.64;223.99;41.80;241.55;33.79;256.27;25.28;269.20;16.73;281.21;8.53;292.96;1.01;304.93;--;--;--;--;
2018-05-21;--;--;--;--;--;--;--;--;--;--;0.35;53.78;7.78;65.77;15.94;77.51;24.49;89.45;33.04;102.23;41.14;116.70;48.17;133.92;53.20;154.77;55.20;178.71;53.59;202.85;48.84;224.10;41.98;241.68;33.96;256.40;25.45;269.32;16.90;281.33;8.70;293.06;1.20;305.02;--;--;--;--;
2018-05-22;--;--;--;--;--;--;--;--;--;--;0.52;53.67;7.94;65.65;16.10;77.37;24.63;89.30;33.19;102.08;41.30;116.54;48.34;133.77;53.39;154.66;55.40;178.68;53.78;202.90;49.02;224.21;42.16;241.81;34.13;256.53;25.62;269.44;17.07;281.44;8.88;293.16;1.38;305.10;--;--;--;--;
2018-05-23;--;--;--;--;--;--;--;--;--;--;0.68;53.55;8.10;65.52;16.24;77.23;24.78;89.15;33.33;101.92;41.46;116.38;48.51;133.61;53.58;154.55;55.59;178.64;53.98;202.95;49.21;224.31;42.33;241.93;34.30;256.65;25.78;269.56;17.24;281.54;9.05;293.26;1.55;305.18;--;--;--;--;
2018-05-24;--;--;--;--;--;--;--;--;--;--;0.84;53.44;8.24;65.40;16.38;77.10;24.91;89.01;33.47;101.76;41.60;116.22;48.67;133.46;53.75;154.43;55.78;178.60;54.16;202.99;49.39;224.40;42.50;242.04;34.46;256.76;25.94;269.67;17.40;281.64;9.21;293.35;1.73;305.25;--;--;--;--;
2018-05-25;--;--;--;--;--;--;--;--;--;--;0.99;53.33;8.38;65.28;16.52;76.97;25.05;88.87;33.60;101.61;41.74;116.06;48.82;133.31;53.92;154.31;55.96;178.56;54.35;203.03;49.56;224.49;42.67;242.15;34.62;256.87;26.10;269.77;17.56;281.74;9.37;293.43;1.89;305.32;--;--;--;--;
2018-05-26;--;--;--;--;--;--;--;--;--;--;1.13;53.22;8.52;65.16;16.64;76.83;25.17;88.72;33.73;101.46;41.88;115.90;48.97;133.15;54.09;154.19;56.13;178.51;54.52;203.06;49.73;224.57;42.83;242.25;34.78;256.98;26.25;269.87;17.71;281.83;9.53;293.51;2.06;305.39;--;--;--;--;
2018-05-27;--;--;--;--;--;--;--;--;--;--;1.27;53.12;8.64;65.04;16.77;76.71;25.29;88.59;33.85;101.31;42.00;115.74;49.11;133.00;54.24;154.07;56.30;178.46;54.69;203.09;49.89;224.65;42.98;242.35;34.93;257.07;26.40;269.96;17.86;281.91;9.69;293.58;2.22;305.45;--;--;--;--;
2018-05-28;--;--;--;--;--;--;--;--;--;--;1.40;53.01;8.77;64.92;16.88;76.58;25.40;88.45;33.97;101.16;42.13;115.59;49.24;132.85;54.39;153.95;56.47;178.40;54.86;203.11;50.05;224.72;43.13;242.44;35.08;257.17;26.55;270.05;18.01;281.99;9.84;293.65;2.37;305.51;--;--;--;--;
2018-05-29;--;--;--;--;--;--;--;--;--;--;1.52;52.91;8.88;64.81;16.99;76.45;25.51;88.32;34.08;101.02;42.24;115.44;49.37;132.70;54.54;153.82;56.62;178.34;55.02;203.13;50.21;224.79;43.28;242.52;35.22;257.25;26.69;270.13;18.15;282.07;9.98;293.71;2.52;305.56;--;--;--;--;
2018-05-30;--;--;--;--;--;--;--;--;--;--;1.64;52.81;8.99;64.69;17.10;76.33;25.61;88.18;34.18;100.88;42.35;115.29;49.49;132.55;54.67;153.70;56.78;178.28;55.17;203.14;50.36;224.84;43.42;242.60;35.36;257.33;26.82;270.21;18.29;282.13;10.12;293.77;2.66;305.61;--;--;--;--;
2018-05-31;--;--;--;--;--;--;--;--;--;--;1.75;52.70;9.10;64.58;17.19;76.21;25.71;88.05;34.27;100.74;42.45;115.14;49.61;132.40;54.81;153.58;56.92;178.21;55.32;203.14;50.50;224.90;43.56;242.67;35.49;257.41;26.96;270.28;18.42;282.20;10.26;293.83;2.80;305.65;--;--;--;--;
2018-06-01;--;--;--;--;--;--;--;--;--;--;1.86;52.61;9.19;64.48;17.29;76.10;25.80;87.93;34.36;100.60;42.55;115.00;49.72;132.26;54.93;153.45;57.06;178.15;55.46;203.14;50.64;224.94;43.70;242.73;35.62;257.47;27.09;270.34;18.56;282.26;10.39;293.88;2.94;305.69;--;--;--;--;
2018-06-02;--;--;--;--;--;--;--;--;--;--;1.96;52.51;9.29;64.37;17.37;75.98;25.88;87.81;34.45;100.47;42.64;114.85;49.82;132.11;55.05;153.33;57.19;178.07;55.60;203.14;50.77;224.98;43.83;242.79;35.75;257.54;27.21;270.40;18.68;282.31;10.52;293.92;3.07;305.72;--;--;--;--;
2018-06-03;--;--;--;--;--;--;--;--;--;--;2.05;52.41;9.37;64.27;17.45;75.87;25.95;87.69;34.53;100.34;42.72;114.71;49.91;131.97;55.16;153.20;57.31;178.00;55.73;203.13;50.90;225.02;43.95;242.84;35.87;257.59;27.33;270.45;18.80;282.36;10.64;293.96;3.20;305.75;--;--;--;--;
2018-06-04;--;--;--;--;--;--;--;--;--;--;2.14;52.32;9.45;64.17;17.52;75.76;26.03;87.57;34.60;100.21;42.80;114.58;50.00;131.83;55.26;153.08;57.43;177.92;55.86;203.11;51.03;225.04;44.07;242.89;35.99;257.64;27.45;270.50;18.92;282.40;10.76;294.00;3.32;305.78;--;--;--;--;
2018-06-05;--;--;--;--;--;--;--;--;--;--;2.22;52.23;9.52;64.07;17.59;75.66;26.09;87.45;34.66;100.09;42.87;114.45;50.08;131.70;55.36;152.96;57.54;177.84;55.98;203.09;51.15;225.06;44.19;242.93;36.10;257.69;27.56;270.54;19.03;282.44;10.88;294.03;3.43;305.80;--;--;--;--;
2018-06-06;--;--;--;--;--;--;--;--;--;--;2.29;52.14;9.59;63.97;17.65;75.55;26.15;87.34;34.72;99.97;42.94;114.32;50.16;131.56;55.45;152.83;57.65;177.76;56.09;203.06;51.26;225.08;44.30;242.96;36.21;257.72;27.67;270.58;19.14;282.47;10.99;294.05;3.55;305.81;--;--;--;--;
2018-06-07;--;--;--;--;--;--;--;--;--;--;2.36;52.05;9.65;63.88;17.71;75.46;26.20;87.24;34.78;99.86;42.99;114.19;50.23;131.43;55.53;152.71;57.75;177.68;56.20;203.03;51.37;225.09;44.41;242.99;36.32;257.76;27.77;270.61;19.25;282.49;11.09;294.07;3.65;305.83;--;--;--;--;
2018-06-08;--;--;--;--;--;--;--;--;--;--;2.42;51.97;9.70;63.79;17.76;75.36;26.25;87.13;34.82;99.74;43.05;114.07;50.29;131.30;55.61;152.59;57.84;177.59;56.30;203.00;51.47;225.09;44.51;243.01;36.42;257.78;27.87;270.64;19.34;282.52;11.19;294.09;3.75;305.83;--;--;--;--;
2018-06-09;--;--;--;--;--;--;--;--;--;--;2.48;51.89;9.75;63.70;17.80;75.27;26.29;87.03;34.87;99.64;43.09;113.95;50.35;131.18;55.68;152.47;57.93;177.50;56.39;202.96;51.56;225.09;44.60;243.02;36.51;257.80;27.97;270.66;19.44;282.53;11.29;294.10;3.85;305.84;--;--;--;--;
2018-06-10;--;--;--;--;--;--;--;--;--;--;2.53;51.81;9.80;63.62;17.84;75.18;26.33;86.94;34.90;99.53;43.13;113.84;50.39;131.05;55.74;152.35;58.00;177.41;56.48;202.91;51.66;225.08;44.69;243.03;36.60;257.82;28.06;270.67;19.53;282.54;11.38;294.11;3.94;305.84;--;--;--;--;
2018-06-11;--;--;--;--;--;--;--;--;--;--;2.57;51.73;9.83;63.54;17.87;75.09;26.35;86.85;34.93;99.43;43.17;113.73;50.44;130.94;55.80;152.24;58.07;177.32;56.56;202.86;51.74;225.06;44.78;243.03;36.69;257.83;28.14;270.68;19.61;282.55;11.46;294.11;4.02;305.83;--;--;--;--;
2018-06-12;--;--;--;--;--;--;--;--;--;--;2.61;51.66;9.86;63.46;17.90;75.01;26.38;86.76;34.96;99.34;43.20;113.62;50.47;130.82;55.85;152.12;58.14;177.23;56.64;202.81;51.82;225.04;44.86;243.03;36.77;257.83;28.22;270.69;19.69;282.55;11.54;294.11;4.10;305.82;--;--;--;--;
2018-06-13;--;--;--;--;--;--;--;--;--;--;2.64;51.58;9.89;63.38;17.92;74.93;26.40;86.68;34.97;99.24;43.22;113.52;50.50;130.71;55.89;152.01;58.20;177.13;56.70;202.75;51.89;225.01;44.93;243.02;36.84;257.82;28.30;270.68;19.77;282.55;11.62;294.10;4.17;305.81;--;--;--;--;
2018-06-14;--;--;--;--;--;--;--;--;--;--;2.66;51.52;9.90;63.31;17.93;74.86;26.41;86.60;34.99;99.16;43.23;113.43;50.53;130.60;55.93;151.90;58.25;177.04;56.77;202.69;51.96;224.98;45.00;243.00;36.91;257.82;28.37;270.68;19.84;282.54;11.68;294.09;4.24;305.79;--;--;--;--;
2018-06-15;--;--;--;--;--;--;--;--;--;--;2.68;51.45;9.92;63.24;17.94;74.78;26.41;86.52;34.99;99.08;43.24;113.33;50.55;130.50;55.96;151.79;58.29;176.94;56.82;202.62;52.02;224.94;45.07;242.98;36.98;257.80;28.43;270.66;19.90;282.53;11.75;294.07;4.30;305.77;--;--;--;--;
2018-06-16;--;--;--;--;--;--;--;--;--;--;2.69;51.39;9.92;63.18;17.94;74.72;26.41;86.45;34.99;99.00;43.25;113.25;50.56;130.40;55.98;151.69;58.33;176.85;56.87;202.55;52.08;224.89;45.13;242.95;37.04;257.78;28.49;270.65;19.96;282.51;11.81;294.05;4.36;305.75;--;--;--;--;
2018-06-17;--;--;--;--;--;--;--;--;--;--;2.70;51.33;9.92;63.12;17.94;74.66;26.41;86.38;34.99;98.93;43.25;113.17;50.56;130.31;56.00;151.58;58.36;176.75;56.91;202.48;52.13;224.84;45.18;242.92;37.09;257.76;28.55;270.63;20.02;282.49;11.86;294.03;4.41;305.72;--;--;--;--;
2018-06-18;--;--;--;--;--;--;--;--;--;--;2.70;51.27;9.92;63.06;17.93;74.60;26.40;86.32;34.98;98.86;43.24;113.09;50.56;130.22;56.01;151.49;58.38;176.66;56.95;202.40;52.17;224.79;45.23;242.88;37.14;257.72;28.60;270.60;20.06;282.46;11.91;294.00;4.45;305.69;--;--;--;--;
2018-06-19;--;--;--;--;--;--;--;--;--;--;2.69;51.22;9.91;63.01;17.91;74.54;26.38;86.26;34.96;98.80;43.23;113.02;50.55;130.14;56.01;151.39;58.40;176.56;56.98;202.32;52.21;224.73;45.27;242.83;37.18;257.69;28.64;270.56;20.11;282.43;11.95;293.97;4.49;305.66;--;--;--;--;
2018-06-20;--;--;--;--;--;--;--;--;--;--;2.68;51.17;9.89;62.96;17.89;74.49;26.36;86.21;34.94;98.74;43.21;112.95;50.54;130.06;56.00;151.30;58.41;176.46;57.00;202.23;52.24;224.66;45.31;242.78;37.22;257.65;28.68;270.53;20.15;282.40;11.98;293.93;4.53;305.62;--;--;--;--;
2018-06-21;--;--;--;--;--;--;--;--;--;--;2.66;51.12;9.87;62.91;17.87;74.45;26.34;86.16;34.92;98.69;43.18;112.89;50.52;129.99;55.99;151.21;58.41;176.37;57.02;202.14;52.27;224.59;45.34;242.73;37.25;257.60;28.71;270.48;20.18;282.35;12.01;293.89;4.55;305.57;--;--;--;--;
2018-06-22;--;--;--;--;--;--;--;--;--;--;2.63;51.08;9.84;62.87;17.84;74.41;26.30;86.12;34.88;98.64;43.15;112.84;50.49;129.92;55.98;151.13;58.41;176.27;57.03;202.05;52.29;224.52;45.36;242.66;37.28;257.55;28.74;270.44;20.21;282.31;12.04;293.84;4.58;305.53;--;--;--;--;
2018-06-23;--;--;--;--;--;--;--;--;--;--;2.60;51.04;9.80;62.83;17.80;74.37;26.27;86.08;34.85;98.60;43.12;112.79;50.46;129.86;55.95;151.05;58.39;176.18;57.03;201.96;52.30;224.44;45.38;242.60;37.30;257.49;28.76;270.39;20.23;282.26;12.06;293.80;4.59;305.48;--;--;--;--;
2018-06-24;--;--;--;--;--;--;--;--;--;--;2.57;51.00;9.77;62.80;17.76;74.34;26.22;86.05;34.80;98.56;43.08;112.75;50.42;129.80;55.92;150.97;58.38;176.08;57.02;201.87;52.31;224.35;45.39;242.53;37.32;257.43;28.78;270.33;20.24;282.21;12.07;293.74;4.60;305.43;--;--;--;--;
2018-06-25;--;--;--;--;--;--;--;--;--;--;2.53;50.97;9.72;62.77;17.71;74.31;26.18;86.02;34.76;98.53;43.03;112.71;50.38;129.75;55.88;150.90;58.35;175.99;57.01;201.77;52.31;224.26;45.40;242.45;37.33;257.36;28.79;270.27;20.25;282.15;12.08;293.69;4.60;305.37;--;--;--;--;
2018-06-26;--;--;--;--;--;--;--;--;--;--;2.48;50.94;9.67;62.74;17.66;74.29;26.12;86.00;34.70;98.51;42.98;112.68;50.33;129.71;55.84;150.84;58.32;175.90;56.99;201.67;52.30;224.17;45.40;242.37;37.34;257.29;28.80;270.20;20.26;282.09;12.08;293.63;4.60;305.31;--;--;--;--;
2018-06-27;--;--;--;--;--;--;--;--;--;--;2.42;50.91;9.61;62.72;17.61;74.27;26.07;85.98;34.65;98.49;42.92;112.65;50.28;129.67;55.79;150.77;58.28;175.82;56.97;201.57;52.29;224.07;45.40;242.28;37.33;257.21;28.80;270.13;20.26;282.02;12.08;293.57;4.59;305.25;--;--;--;--;
2018-06-28;--;--;--;--;--;--;--;--;--;--;2.36;50.89;9.55;62.71;17.54;74.25;26.00;85.97;34.58;98.48;42.86;112.63;50.22;129.64;55.74;150.72;58.23;175.73;56.94;201.46;52.27;223.97;45.39;242.19;37.33;257.13;28.79;270.06;20.25;281.95;12.07;293.50;4.57;305.19;--;--;--;--;
2018-06-29;--;--;--;--;--;--;--;--;--;--;2.30;50.87;9.49;62.69;17.48;74.25;25.94;85.97;34.51;98.47;42.79;112.62;50.15;129.61;55.67;150.67;58.18;175.65;56.90;201.36;52.24;223.87;45.37;242.09;37.32;257.04;28.78;269.98;20.24;281.88;12.05;293.43;4.55;305.12;--;--;--;--;
2018-06-30;--;--;--;--;--;--;--;--;--;--;2.23;50.86;9.41;62.69;17.40;74.24;25.86;85.96;34.44;98.47;42.72;112.61;50.08;129.59;55.61;150.62;58.12;175.56;56.85;201.25;52.21;223.76;45.35;241.99;37.30;256.95;28.76;269.90;20.22;281.80;12.03;293.36;4.52;305.05;--;--;--;--;
2018-07-01;--;--;--;--;--;--;--;--;--;--;2.15;50.85;9.34;62.68;17.33;74.24;25.79;85.97;34.36;98.47;42.64;112.61;50.00;129.58;55.53;150.58;58.05;175.48;56.80;201.15;52.17;223.65;45.32;241.89;37.27;256.86;28.74;269.81;20.19;281.72;12.00;293.28;4.49;304.98;--;--;--;--;
2018-07-02;--;--;--;--;--;--;--;--;--;--;2.07;50.84;9.26;62.68;17.24;74.25;25.70;85.98;34.28;98.48;42.56;112.62;49.92;129.57;55.45;150.54;57.98;175.41;56.74;201.04;52.12;223.53;45.28;241.78;37.24;256.76;28.71;269.72;20.16;281.64;11.96;293.20;4.45;304.90;--;--;--;--;
2018-07-03;--;--;--;--;--;--;--;--;--;--;1.98;50.84;9.17;62.69;17.16;74.26;25.62;85.99;34.20;98.50;42.47;112.63;49.83;129.57;55.36;150.51;57.90;175.34;56.67;200.93;52.07;223.41;45.24;241.67;37.20;256.66;28.67;269.63;20.12;281.55;11.92;293.12;4.40;304.83;--;--;--;--;
2018-07-04;--;--;--;--;--;--;--;--;--;--;1.89;50.84;9.08;62.70;17.07;74.28;25.53;86.01;34.10;98.52;42.38;112.65;49.74;129.58;55.27;150.49;57.82;175.26;56.60;200.82;52.01;223.29;45.19;241.55;37.16;256.55;28.63;269.53;20.08;281.46;11.88;293.03;4.35;304.75;--;--;--;--;
2018-07-05;--;--;--;--;--;--;--;--;--;--;1.79;50.85;8.98;62.72;16.97;74.30;25.43;86.04;34.01;98.55;42.28;112.68;49.64;129.59;55.17;150.47;57.72;175.20;56.52;200.72;51.95;223.17;45.13;241.43;37.11;256.44;28.59;269.43;20.03;281.37;11.82;292.95;4.29;304.66;--;--;--;--;
2018-07-06;--;--;--;--;--;--;--;--;--;--;1.69;50.86;8.88;62.74;16.87;74.33;25.33;86.07;33.91;98.58;42.18;112.71;49.53;129.61;55.07;150.46;57.62;175.13;56.43;200.61;51.88;223.05;45.07;241.31;37.06;256.32;28.53;269.32;19.98;281.27;11.76;292.86;4.22;304.58;--;--;--;--;
2018-07-07;--;--;--;--;--;--;--;--;--;--;1.58;50.88;8.77;62.76;16.77;74.36;25.23;86.11;33.80;98.62;42.07;112.74;49.42;129.63;54.96;150.45;57.52;175.07;56.34;200.50;51.80;222.92;45.01;241.19;37.00;256.21;28.47;269.21;19.92;281.17;11.70;292.76;4.15;304.49;--;--;--;--;
2018-07-08;--;--;--;--;--;--;--;--;--;--;1.47;50.90;8.66;62.79;16.66;74.40;25.12;86.15;33.69;98.67;41.96;112.79;49.31;129.66;54.84;150.45;57.40;175.02;56.24;200.39;51.71;222.79;44.93;241.06;36.93;256.09;28.41;269.10;19.85;281.07;11.63;292.67;4.07;304.40;--;--;--;--;
2018-07-09;--;--;--;--;--;--;--;--;--;--;1.35;50.92;8.55;62.83;16.54;74.44;25.01;86.20;33.58;98.72;41.84;112.84;49.19;129.70;54.72;150.45;57.29;174.96;56.13;200.29;51.62;222.66;44.85;240.93;36.86;255.96;28.34;268.99;19.78;280.96;11.55;292.57;3.99;304.31;--;--;--;--;
2018-07-10;--;--;--;--;--;--;--;--;--;--;1.23;50.95;8.43;62.86;16.42;74.49;24.89;86.25;33.46;98.78;41.72;112.90;49.07;129.74;54.59;150.46;57.16;174.91;56.02;200.18;51.52;222.53;44.77;240.79;36.78;255.84;28.26;268.87;19.70;280.85;11.46;292.47;3.90;304.22;--;--;--;--;
2018-07-11;--;--;--;--;--;--;--;--;--;--;1.10;50.98;8.30;62.91;16.30;74.54;24.77;86.31;33.34;98.84;41.60;112.96;48.94;129.79;54.46;150.48;57.03;174.87;55.90;200.08;51.42;222.39;44.67;240.65;36.69;255.71;28.18;268.75;19.61;280.74;11.37;292.36;3.80;304.13;--;--;--;--;
2018-07-12;--;--;--;--;--;--;--;--;--;--;0.97;51.02;8.17;62.96;16.18;74.60;24.64;86.38;33.22;98.91;41.47;113.03;48.80;129.85;54.32;150.50;56.89;174.83;55.77;199.97;51.30;222.26;44.57;240.52;36.60;255.58;28.09;268.63;19.52;280.63;11.28;292.26;3.70;304.03;--;--;--;--;
2018-07-13;--;--;--;--;--;--;--;--;--;--;0.83;51.06;8.04;63.01;16.05;74.66;24.51;86.45;33.09;98.99;41.34;113.11;48.67;129.92;54.18;150.53;56.75;174.79;55.64;199.87;51.19;222.12;44.47;240.37;36.50;255.44;27.99;268.50;19.42;280.51;11.18;292.15;3.59;303.93;--;--;--;--;
2018-07-14;--;--;--;--;--;--;--;--;--;--;0.69;51.11;7.90;63.07;15.91;74.73;24.38;86.53;32.95;99.07;41.20;113.19;48.52;129.99;54.03;150.56;56.60;174.76;55.50;199.77;51.06;221.99;44.36;240.23;36.40;255.30;27.89;268.37;19.32;280.39;11.07;292.04;3.47;303.83;--;--;--;--;
2018-07-15;--;--;--;--;--;--;--;--;--;--;0.55;51.16;7.76;63.13;15.77;74.80;24.24;86.61;32.82;99.16;41.06;113.28;48.37;130.06;53.87;150.60;56.44;174.73;55.35;199.67;50.93;221.85;44.24;240.09;36.29;255.16;27.78;268.24;19.21;280.27;10.95;291.93;3.35;303.73;--;--;--;--;
2018-07-16;--;--;--;--;--;--;--;--;--;--;0.40;51.22;7.61;63.20;15.63;74.88;24.10;86.70;32.68;99.25;40.92;113.37;48.22;130.15;53.71;150.64;56.28;174.70;55.20;199.57;50.79;221.71;44.11;239.94;36.17;255.02;27.67;268.11;19.10;280.15;10.83;291.82;3.22;303.63;--;--;--;--;
2018-07-17;--;--;--;--;--;--;--;--;--;--;0.24;51.28;7.46;63.28;15.49;74.97;23.96;86.79;32.53;99.35;40.77;113.47;48.07;130.24;53.55;150.69;56.11;174.68;55.04;199.48;50.65;221.57;43.98;239.79;36.05;254.88;27.55;267.98;18.97;280.02;10.71;291.70;3.09;303.52;--;--;--;--;
2018-07-18;--;--;--;--;--;--;--;--;--;--;0.08;51.34;7.31;63.36;15.34;75.06;23.81;86.89;32.38;99.46;40.61;113.58;47.90;130.33;53.38;150.75;55.94;174.67;54.87;199.38;50.50;221.43;43.85;239.64;35.92;254.73;27.42;267.84;18.85;279.89;10.57;291.59;2.94;303.42;--;--;--;--;
2018-07-19;--;--;--;--;--;--;--;--;--;--;-0.08;51.41;7.15;63.44;15.18;75.15;23.66;86.99;32.23;99.57;40.46;113.69;47.74;130.43;53.20;150.81;55.76;174.66;54.70;199.29;50.34;221.30;43.70;239.49;35.78;254.58;27.29;267.70;18.71;279.77;10.43;291.47;2.80;303.31;--;--;--;--;
2018-07-20;--;--;--;--;--;--;--;--;--;--;-0.25;51.49;6.99;63.53;15.03;75.25;23.51;87.10;32.08;99.68;40.30;113.81;47.57;130.54;53.02;150.88;55.57;174.65;54.52;199.20;50.18;221.16;43.55;239.34;35.64;254.43;27.15;267.56;18.57;279.63;10.29;291.35;2.64;303.20;--;--;--;--;
2018-07-21;--;--;--;--;--;--;--;--;--;--;-0.42;51.57;6.83;63.62;14.87;75.36;23.35;87.22;31.92;99.81;40.13;113.94;47.40;130.66;52.83;150.96;55.38;174.65;54.34;199.12;50.01;221.02;43.40;239.18;35.49;254.28;27.01;267.42;18.43;279.50;10.14;291.23;2.49;303.10;--;--;--;--;
2018-07-22;--;--;--;--;--;--;--;--;--;--;-0.60;51.65;6.66;63.72;14.70;75.47;23.19;87.34;31.76;99.94;39.96;114.07;47.22;130.78;52.64;151.04;55.19;174.65;54.15;199.03;49.83;220.89;43.23;239.03;35.34;254.13;26.86;267.27;18.28;279.37;9.98;291.10;2.32;302.99;--;--;--;--;
2018-07-23;--;--;--;--;--;--;--;--;--;--;-0.78;51.74;6.49;63.82;14.54;75.58;23.03;87.46;31.59;100.07;39.79;114.21;47.03;130.90;52.45;151.12;54.98;174.66;53.95;198.95;49.65;220.75;43.06;238.88;35.18;253.98;26.70;267.13;18.12;279.23;9.82;290.98;2.15;302.88;--;--;--;--;
2018-07-24;--;--;--;--;--;--;--;--;--;--;--;--;6.31;63.93;14.37;75.70;22.86;87.60;31.42;100.21;39.62;114.35;46.85;131.04;52.25;151.21;54.78;174.67;53.75;198.87;49.46;220.61;42.89;238.72;35.01;253.82;26.54;266.98;17.95;279.10;9.65;290.85;1.97;302.76;--;--;--;--;
2018-07-25;--;--;--;--;--;--;--;--;--;--;--;--;6.13;64.04;14.19;75.83;22.69;87.73;31.25;100.36;39.44;114.50;46.66;131.17;52.05;151.31;54.56;174.68;53.54;198.79;49.26;220.48;42.71;238.57;34.84;253.67;26.37;266.83;17.78;278.96;9.47;290.73;1.79;302.65;--;--;--;--;
2018-07-26;--;--;--;--;--;--;--;--;--;--;--;--;5.95;64.16;14.02;75.96;22.52;87.87;31.07;100.51;39.26;114.65;46.46;131.32;51.84;151.41;54.35;174.70;53.33;198.72;49.06;220.35;42.52;238.41;34.67;253.51;26.20;266.68;17.61;278.82;9.29;290.60;1.60;302.54;--;--;--;--;
2018-07-27;--;--;--;--;--;--;--;--;--;--;--;--;5.76;64.28;13.84;76.09;22.34;88.02;30.90;100.66;39.07;114.81;46.27;131.47;51.62;151.52;54.12;174.72;53.11;198.65;48.86;220.21;42.33;238.26;34.48;253.35;26.02;266.53;17.43;278.68;9.11;290.47;1.41;302.42;--;--;--;--;
2018-07-28;--;--;--;--;--;--;--;--;--;--;--;--;5.58;64.41;13.66;76.24;22.16;88.17;30.72;100.82;38.88;114.98;46.06;131.62;51.40;151.63;53.89;174.75;52.88;198.58;48.64;220.08;42.13;238.10;34.29;253.20;25.83;266.38;17.24;278.54;8.91;290.34;1.20;302.31;--;--;--;--;
2018-07-29;--;--;--;--;--;--;--;--;--;--;--;--;5.38;64.54;13.47;76.38;21.98;88.33;30.53;100.99;38.69;115.15;45.86;131.78;51.18;151.75;53.66;174.78;52.65;198.52;48.43;219.95;41.93;237.95;34.10;253.04;25.64;266.23;17.05;278.40;8.72;290.21;1.00;302.19;--;--;--;--;
2018-07-30;--;--;--;--;--;--;--;--;--;--;--;--;5.19;64.68;13.28;76.53;21.79;88.49;30.34;101.16;38.50;115.33;45.65;131.95;50.96;151.87;53.42;174.82;52.41;198.46;48.20;219.83;41.72;237.79;33.90;252.88;25.44;266.08;16.85;278.25;8.51;290.08;0.79;302.08;--;--;--;--;
2018-07-31;--;--;--;--;--;--;--;--;--;--;--;--;4.99;64.82;13.09;76.69;21.61;88.66;30.15;101.34;38.30;115.51;45.43;132.12;50.72;151.99;53.18;174.86;52.17;198.40;47.97;219.70;41.50;237.64;33.69;252.72;25.24;265.92;16.65;278.11;8.30;289.95;0.57;301.96;--;--;--;--;
2018-08-01;--;--;--;--;--;--;--;--;--;--;--;--;4.79;64.97;12.90;76.85;21.42;88.83;29.96;101.52;38.10;115.69;45.22;132.29;50.49;152.13;52.93;174.90;51.92;198.34;47.74;219.58;41.28;237.48;33.48;252.56;25.03;265.77;16.44;277.97;8.09;289.82;0.35;301.85;--;--;--;--;
2018-08-02;--;--;--;--;--;--;--;--;--;--;--;--;4.59;65.12;12.70;77.01;21.22;89.01;29.77;101.71;37.89;115.88;45.00;132.47;50.25;152.26;52.68;174.95;51.67;198.29;47.49;219.45;41.05;237.33;33.26;252.40;24.82;265.61;16.22;277.82;7.87;289.69;0.12;301.73;--;--;--;--;
2018-08-03;--;--;--;--;--;--;--;--;--;--;--;--;4.38;65.28;12.51;77.18;21.03;89.19;29.57;101.90;37.68;116.08;44.77;132.66;50.01;152.40;52.42;175.01;51.41;198.24;47.25;219.33;40.82;237.18;33.04;252.24;24.60;265.46;16.00;277.67;7.64;289.55;-0.12;301.61;--;--;--;--;
2018-08-04;--;--;--;--;--;--;--;--;--;--;--;--;4.17;65.44;12.31;77.36;20.83;89.38;29.37;102.10;37.47;116.28;44.55;132.84;49.76;152.55;52.16;175.06;51.15;198.19;47.00;219.21;40.58;237.02;32.81;252.08;24.37;265.30;15.78;277.53;7.41;289.42;-0.35;301.49;--;--;--;--;
2018-08-05;--;--;--;--;--;--;--;--;--;--;--;--;3.96;65.60;12.10;77.54;20.63;89.57;29.16;102.30;37.26;116.49;44.32;133.04;49.51;152.69;51.89;175.12;50.88;198.15;46.74;219.09;40.33;236.87;32.57;251.92;24.14;265.15;15.55;277.38;7.18;289.29;-0.60;301.38;--;--;--;--;
2018-08-06;--;--;--;--;--;--;--;--;--;--;--;--;3.75;65.77;11.90;77.72;20.43;89.76;28.96;102.50;37.04;116.70;44.08;133.24;49.25;152.85;51.62;175.18;50.61;198.11;46.47;218.98;40.08;236.72;32.33;251.76;23.91;264.99;15.31;277.23;6.94;289.15;--;--;--;--;--;--;
2018-08-07;--;--;--;--;--;--;--;--;--;--;--;--;3.53;65.95;11.69;77.91;20.22;89.96;28.75;102.71;36.82;116.91;43.84;133.44;48.99;153.00;51.34;175.25;50.33;198.07;46.21;218.86;39.83;236.57;32.09;251.60;23.67;264.83;15.07;277.09;6.69;289.02;--;--;--;--;--;--;
2018-08-08;--;--;--;--;--;--;--;--;--;--;--;--;3.31;66.13;11.48;78.10;20.01;90.17;28.54;102.93;36.60;117.13;43.60;133.64;48.73;153.16;51.06;175.32;50.05;198.03;45.93;218.75;39.57;236.42;31.84;251.44;23.42;264.68;14.82;276.94;6.44;288.88;--;--;--;--;--;--;
2018-08-09;--;--;--;--;--;--;--;--;--;--;--;--;3.09;66.31;11.26;78.30;19.80;90.38;28.32;103.15;36.38;117.35;43.36;133.85;48.46;153.33;50.78;175.40;49.76;198.00;45.66;218.64;39.30;236.28;31.58;251.28;23.17;264.52;14.57;276.79;6.18;288.74;--;--;--;--;--;--;
2018-08-10;--;--;--;--;--;--;--;--;--;--;--;--;2.87;66.49;11.05;78.50;19.59;90.59;28.11;103.37;36.15;117.58;43.11;134.07;48.19;153.49;50.49;175.47;49.47;197.97;45.37;218.54;39.03;236.13;31.32;251.13;22.92;264.36;14.32;276.64;5.92;288.61;--;--;--;--;--;--;
2018-08-11;--;--;--;--;--;--;--;--;--;--;--;--;2.64;66.69;10.83;78.70;19.38;90.81;27.89;103.60;35.92;117.81;42.86;134.29;47.92;153.66;50.20;175.55;49.17;197.95;45.08;218.43;38.76;235.98;31.06;250.97;22.66;264.21;14.06;276.49;5.66;288.47;--;--;--;--;--;--;
2018-08-12;--;--;--;--;--;--;--;--;--;--;--;--;2.41;66.88;10.61;78.91;19.16;91.03;27.67;103.83;35.69;118.04;42.61;134.51;47.64;153.84;49.90;175.64;48.87;197.92;44.79;218.33;38.48;235.84;30.79;250.81;22.39;264.05;13.79;276.34;5.39;288.34;--;--;--;--;--;--;
2018-08-13;--;--;--;--;--;--;--;--;--;--;--;--;2.18;67.08;10.39;79.12;18.94;91.25;27.45;104.06;35.45;118.28;42.35;134.73;47.36;154.01;49.60;175.72;48.56;197.90;44.49;218.23;38.19;235.70;30.51;250.66;22.12;263.90;13.52;276.20;5.11;288.20;--;--;--;--;--;--;
2018-08-14;--;--;--;--;--;--;--;--;--;--;--;--;1.95;67.28;10.17;79.34;18.72;91.48;27.22;104.30;35.21;118.52;42.09;134.96;47.08;154.19;49.30;175.81;48.25;197.88;44.19;218.13;37.90;235.56;30.23;250.50;21.85;263.74;13.24;276.05;4.83;288.06;--;--;--;--;--;--;
2018-08-15;--;--;--;--;--;--;--;--;--;--;--;--;1.72;67.49;9.95;79.56;18.50;91.71;26.99;104.54;34.97;118.77;41.83;135.19;46.79;154.38;48.99;175.90;47.94;197.87;43.89;218.03;37.61;235.42;29.95;250.34;21.57;263.58;12.96;275.90;4.55;287.93;--;--;--;--;--;--;
2018-08-16;--;--;--;--;--;--;--;--;--;--;--;--;1.48;67.70;9.72;79.79;18.28;91.95;26.77;104.79;34.73;119.02;41.57;135.42;46.50;154.56;48.68;176.00;47.62;197.86;43.58;217.93;37.31;235.28;29.66;250.19;21.28;263.43;12.68;275.75;4.26;287.79;--;--;--;--;--;--;
2018-08-17;--;--;--;--;--;--;--;--;--;--;--;--;1.24;67.92;9.49;80.01;18.05;92.19;26.53;105.04;34.48;119.27;41.30;135.66;46.20;154.75;48.36;176.09;47.30;197.84;43.26;217.84;37.01;235.14;29.36;250.04;20.99;263.27;12.39;275.60;3.97;287.65;--;--;--;--;--;--;
2018-08-18;--;--;--;--;--;--;--;--;--;--;--;--;1.00;68.14;9.26;80.25;17.82;92.43;26.30;105.29;34.23;119.52;41.03;135.90;45.90;154.94;48.04;176.19;46.98;197.84;42.94;217.75;36.70;235.01;29.07;249.88;20.70;263.12;12.10;275.45;3.67;287.52;--;--;--;--;--;--;
2018-08-19;--;--;--;--;--;--;--;--;--;--;--;--;0.76;68.36;9.03;80.48;17.59;92.68;26.06;105.54;33.98;119.78;40.75;136.14;45.60;155.13;47.72;176.29;46.65;197.83;42.62;217.66;36.39;234.87;28.77;249.73;20.41;262.96;11.80;275.30;3.37;287.38;--;--;--;--;--;--;
2018-08-20;--;--;--;--;--;--;--;--;--;--;--;--;0.52;68.59;8.79;80.72;17.36;92.93;25.83;105.80;33.73;120.04;40.48;136.39;45.30;155.32;47.40;176.39;46.31;197.83;42.29;217.57;36.07;234.74;28.46;249.58;20.10;262.81;11.50;275.15;3.06;287.24;--;--;--;--;--;--;
2018-08-21;--;--;--;--;--;--;--;--;--;--;--;--;0.28;68.82;8.56;80.96;17.13;93.18;25.59;106.06;33.48;120.30;40.20;136.63;44.99;155.52;47.07;176.50;45.98;197.82;41.96;217.49;35.75;234.61;28.15;249.43;19.80;262.65;11.20;275.00;2.76;287.11;--;--;--;--;--;--;
2018-08-22;--;--;--;--;--;--;--;--;--;--;--;--;0.03;69.05;8.32;81.21;16.89;93.44;25.35;106.33;33.22;120.57;39.92;136.88;44.68;155.72;46.73;176.61;45.64;197.82;41.63;217.41;35.43;234.48;27.84;249.28;19.49;262.50;10.89;274.86;2.44;286.97;--;--;--;--;--;--;
2018-08-23;--;--;--;--;--;--;--;--;--;--;--;--;-0.22;69.29;8.08;81.46;16.66;93.70;25.10;106.59;32.96;120.84;39.63;137.13;44.37;155.92;46.40;176.71;45.29;197.83;41.29;217.32;35.10;234.35;27.52;249.13;19.18;262.35;10.58;274.71;2.13;286.83;--;--;--;--;--;--;
2018-08-24;--;--;--;--;--;--;--;--;--;--;--;--;-0.47;69.53;7.84;81.71;16.42;93.96;24.86;106.86;32.70;121.11;39.35;137.38;44.06;156.12;46.06;176.83;44.95;197.83;40.95;217.24;34.77;234.22;27.20;248.98;18.86;262.19;10.26;274.56;1.81;286.70;--;--;--;--;--;--;
2018-08-25;--;--;--;--;--;--;--;--;--;--;--;--;-0.72;69.77;7.60;81.96;16.18;94.22;24.61;107.14;32.43;121.38;39.06;137.64;43.74;156.32;45.72;176.94;44.60;197.84;40.60;217.17;34.44;234.09;26.87;248.83;18.54;262.04;9.95;274.41;1.49;286.56;--;--;--;--;--;--;
2018-08-26;--;--;--;--;--;--;--;--;--;--;--;--;--;--;7.36;82.22;15.94;94.49;24.36;107.41;32.17;121.65;38.77;137.89;43.42;156.52;45.38;177.05;44.24;197.84;40.25;217.09;34.10;233.97;26.54;248.69;18.22;261.89;9.62;274.26;1.16;286.42;--;--;--;--;--;--;
2018-08-27;--;--;--;--;--;--;--;--;--;--;--;--;--;--;7.12;82.48;15.69;94.76;24.11;107.69;31.90;121.93;38.47;138.15;43.09;156.73;45.03;177.16;43.89;197.85;39.90;217.02;33.76;233.85;26.21;248.54;17.89;261.74;9.30;274.12;0.83;286.28;--;--;--;--;--;--;
2018-08-28;--;--;--;--;--;--;--;--;--;--;--;--;--;--;6.87;82.74;15.45;95.03;23.86;107.96;31.63;122.20;38.18;138.41;42.77;156.93;44.68;177.28;43.53;197.87;39.55;216.94;33.41;233.72;25.88;248.40;17.56;261.59;8.97;273.97;0.50;286.15;--;--;--;--;--;--;
2018-08-29;--;--;--;--;--;--;--;--;--;--;--;--;--;--;6.62;83.01;15.20;95.31;23.60;108.24;31.36;122.48;37.88;138.67;42.44;157.14;44.33;177.40;43.17;197.88;39.19;216.87;33.06;233.60;25.54;248.25;17.23;261.44;8.64;273.82;0.16;286.01;--;--;--;--;--;--;
2018-08-30;--;--;--;--;--;--;--;--;--;--;--;--;--;--;6.38;83.28;14.96;95.58;23.35;108.53;31.08;122.76;37.58;138.93;42.11;157.35;43.97;177.51;42.80;197.89;38.83;216.80;32.71;233.48;25.20;248.11;16.90;261.29;8.30;273.67;-0.18;285.87;--;--;--;--;--;--;
2018-08-31;--;--;--;--;--;--;--;--;--;--;--;--;--;--;6.13;83.55;14.71;95.86;23.09;108.81;30.81;123.04;37.27;139.19;41.78;157.55;43.62;177.63;42.43;197.91;38.46;216.74;32.36;233.36;24.85;247.97;16.56;261.14;7.96;273.53;-0.52;285.74;--;--;--;--;--;--;
2018-09-01;--;--;--;--;--;--;--;--;--;--;--;--;--;--;5.88;83.82;14.46;96.14;22.83;109.10;30.53;123.33;36.97;139.45;41.44;157.76;43.26;177.75;42.06;197.92;38.10;216.67;32.00;233.25;24.51;247.83;16.22;260.99;7.62;273.38;--;--;--;--;--;--;--;--;
2018-09-02;--;--;--;--;--;--;--;--;--;--;--;--;--;--;5.63;84.10;14.21;96.42;22.57;109.38;30.25;123.61;36.66;139.71;41.10;157.97;42.89;177.87;41.69;197.94;37.73;216.60;31.64;233.13;24.16;247.68;15.87;260.84;7.28;273.23;--;--;--;--;--;--;--;--;
2018-09-03;--;--;--;--;--;--;--;--;--;--;--;--;--;--;5.37;84.37;13.95;96.71;22.31;109.67;29.97;123.90;36.35;139.97;40.76;158.18;42.53;177.99;41.32;197.96;37.36;216.54;31.28;233.02;23.80;247.54;15.53;260.69;6.93;273.08;--;--;--;--;--;--;--;--;
2018-09-04;--;--;--;--;--;--;--;--;--;--;--;--;--;--;5.12;84.65;13.70;96.99;22.04;109.96;29.68;124.18;36.04;140.24;40.42;158.39;42.16;178.11;40.94;197.98;36.98;216.48;30.92;232.90;23.45;247.41;15.18;260.54;6.59;272.94;--;--;--;--;--;--;--;--;
2018-09-05;--;--;--;--;--;--;--;--;--;--;--;--;--;--;4.87;84.93;13.44;97.28;21.78;110.25;29.40;124.47;35.73;140.50;40.08;158.60;41.80;178.23;40.56;198.00;36.61;216.42;30.55;232.79;23.09;247.27;14.83;260.39;6.24;272.79;--;--;--;--;--;--;--;--;
2018-09-06;--;--;--;--;--;--;--;--;--;--;--;--;--;--;4.61;85.22;13.19;97.57;21.51;110.54;29.11;124.75;35.41;140.76;39.73;158.80;41.43;178.35;40.18;198.02;36.23;216.35;30.18;232.68;22.73;247.13;14.47;260.24;5.88;272.64;--;--;--;--;--;--;--;--;
2018-09-07;--;--;--;--;--;--;--;--;--;--;--;--;--;--;4.35;85.50;12.93;97.86;21.24;110.84;28.82;125.04;35.10;141.02;39.38;159.01;41.05;178.47;39.80;198.04;35.85;216.29;29.81;232.57;22.37;246.99;14.12;260.10;5.53;272.50;--;--;--;--;--;--;--;--;
2018-09-08;--;--;--;--;--;--;--;--;--;--;--;--;--;--;4.10;85.79;12.67;98.15;20.97;111.13;28.53;125.33;34.78;141.29;39.04;159.22;40.68;178.59;39.41;198.06;35.47;216.24;29.44;232.46;22.01;246.85;13.76;259.95;5.17;272.35;--;--;--;--;--;--;--;--;
2018-09-09;--;--;--;--;--;--;--;--;--;--;--;--;--;--;3.84;86.07;12.41;98.44;20.70;111.42;28.24;125.61;34.46;141.55;38.68;159.43;40.30;178.71;39.03;198.08;35.08;216.18;29.07;232.35;21.64;246.72;13.40;259.80;4.82;272.20;--;--;--;--;--;--;--;--;
2018-09-10;--;--;--;--;--;--;--;--;--;--;--;--;--;--;3.58;86.36;12.15;98.74;20.43;111.72;27.94;125.90;34.13;141.81;38.33;159.63;39.93;178.83;38.64;198.11;34.70;216.12;28.69;232.24;21.27;246.58;13.04;259.66;4.46;272.05;--;--;--;--;--;--;--;--;
2018-09-11;--;--;--;--;--;--;--;--;--;--;--;--;--;--;3.32;86.65;11.89;99.03;20.15;112.01;27.65;126.19;33.81;142.07;37.98;159.84;39.55;178.95;38.25;198.13;34.31;216.06;28.31;232.13;20.91;246.45;12.68;259.51;4.10;271.91;--;--;--;--;--;--;--;--;
2018-09-12;--;--;--;--;--;--;--;--;--;--;--;--;--;--;3.06;86.94;11.62;99.32;19.88;112.31;27.35;126.47;33.49;142.33;37.62;160.04;39.17;179.07;37.86;198.15;33.92;216.01;27.93;232.02;20.54;246.31;12.31;259.36;3.73;271.76;--;--;--;--;--;--;--;--;
2018-09-13;--;--;--;--;--;--;--;--;--;--;--;--;--;--;2.80;87.23;11.36;99.62;19.60;112.60;27.05;126.76;33.16;142.59;37.26;160.24;38.79;179.18;37.47;198.18;33.54;215.95;27.55;231.92;20.16;246.18;11.95;259.22;3.37;271.61;--;--;--;--;--;--;--;--;
2018-09-14;--;--;--;--;--;--;--;--;--;--;--;--;--;--;2.53;87.53;11.09;99.92;19.32;112.90;26.76;127.05;32.83;142.85;36.90;160.45;38.40;179.30;37.08;198.20;33.14;215.90;27.17;231.81;19.79;246.04;11.58;259.07;3.00;271.46;--;--;--;--;--;--;--;--;
2018-09-15;--;--;--;--;--;--;--;--;--;--;--;--;--;--;2.27;87.82;10.83;100.21;19.04;113.19;26.45;127.33;32.50;143.11;36.54;160.65;38.02;179.42;36.68;198.22;32.75;215.84;26.79;231.70;19.42;245.91;11.21;258.92;2.64;271.32;--;--;--;--;--;--;--;--;
2018-09-16;--;--;--;--;--;--;--;--;--;--;--;--;--;--;2.01;88.12;10.56;100.51;18.76;113.49;26.15;127.62;32.17;143.36;36.18;160.85;37.64;179.53;36.29;198.25;32.36;215.79;26.40;231.60;19.04;245.78;10.84;258.78;2.27;271.17;--;--;--;--;--;--;--;--;
2018-09-17;--;--;--;--;--;--;--;--;--;--;--;--;--;--;1.74;88.41;10.29;100.80;18.48;113.78;25.85;127.90;31.84;143.62;35.82;161.04;37.25;179.65;35.89;198.27;31.97;215.74;26.02;231.49;18.67;245.64;10.47;258.63;1.90;271.02;--;--;--;--;--;--;--;--;
2018-09-18;--;--;--;--;--;--;--;--;--;--;--;--;--;--;1.48;88.71;10.02;101.10;18.20;114.08;25.54;128.18;31.50;143.87;35.46;161.24;36.86;179.76;35.50;198.29;31.57;215.68;25.63;231.39;18.29;245.51;10.10;258.49;1.54;270.87;--;--;--;--;--;--;--;--;
2018-09-19;--;--;--;--;--;--;--;--;--;--;--;--;--;--;1.21;89.00;9.75;101.40;17.92;114.37;25.24;128.46;31.17;144.12;35.09;161.43;36.48;179.87;35.10;198.31;31.18;215.63;25.24;231.29;17.91;245.38;9.73;258.34;1.17;270.72;--;--;--;--;--;--;--;--;
2018-09-20;--;--;--;--;--;--;--;--;--;--;--;--;--;--;0.94;89.30;9.48;101.69;17.63;114.66;24.93;128.74;30.83;144.37;34.73;161.63;36.09;179.98;34.70;198.33;30.78;215.58;24.86;231.18;17.54;245.24;9.36;258.19;0.80;270.57;--;--;--;--;--;--;--;--;
2018-09-21;--;--;--;--;--;--;--;--;--;--;--;--;--;--;0.68;89.59;9.21;101.99;17.35;114.95;24.62;129.02;30.50;144.62;34.36;161.82;35.70;180.09;34.30;198.36;30.39;215.52;24.47;231.08;17.16;245.11;8.99;258.05;0.43;270.42;--;--;--;--;--;--;--;--;
2018-09-22;--;--;--;--;--;--;--;--;--;--;--;--;--;--;0.41;89.89;8.94;102.28;17.06;115.24;24.32;129.30;30.16;144.86;34.00;162.01;35.31;180.20;33.90;198.38;29.99;215.47;24.08;230.98;16.78;244.98;8.62;257.90;0.06;270.27;--;--;--;--;--;--;--;--;
2018-09-23;--;--;--;--;--;--;--;--;--;--;--;--;--;--;0.14;90.18;8.67;102.58;16.77;115.53;24.01;129.57;29.82;145.11;33.63;162.19;34.92;180.31;33.51;198.39;29.59;215.42;23.70;230.87;16.40;244.85;8.25;257.75;-0.31;270.12;--;--;--;--;--;--;--;--;
2018-09-24;--;--;--;--;--;--;--;--;--;--;--;--;--;--;-0.13;90.48;8.39;102.87;16.49;115.82;23.70;129.85;29.48;145.35;33.26;162.38;34.53;180.41;33.11;198.41;29.20;215.36;23.31;230.77;16.02;244.71;7.88;257.61;-0.68;269.97;--;--;--;--;--;--;--;--;
2018-09-25;--;--;--;--;--;--;--;--;--;--;--;--;--;--;-0.40;90.77;8.12;103.16;16.20;116.11;23.38;130.12;29.14;145.59;32.89;162.56;34.14;180.51;32.71;198.43;28.80;215.31;22.92;230.67;15.65;244.58;7.51;257.46;--;--;--;--;--;--;--;--;--;--;
2018-09-26;--;--;--;--;--;--;--;--;--;--;--;--;--;--;-0.67;91.07;7.84;103.46;15.91;116.39;23.07;130.39;28.80;145.83;32.52;162.74;33.75;180.62;32.31;198.45;28.40;215.25;22.53;230.56;15.27;244.45;7.14;257.31;--;--;--;--;--;--;--;--;--;--;
2018-09-27;--;--;--;--;--;--;--;--;--;--;--;--;--;--;--;--;7.57;103.75;15.62;116.68;22.76;130.66;28.46;146.06;32.15;162.92;33.36;180.72;31.91;198.46;28.01;215.20;22.15;230.46;14.89;244.32;6.76;257.16;--;--;--;--;--;--;--;--;--;--;
2018-09-28;--;--;--;--;--;--;--;--;--;--;--;--;--;--;--;--;7.29;104.04;15.33;116.96;22.44;130.92;28.12;146.29;31.78;163.09;32.97;180.81;31.51;198.48;27.61;215.14;21.76;230.35;14.51;244.18;6.40;257.01;--;--;--;--;--;--;--;--;--;--;
2018-09-29;--;--;--;--;--;--;--;--;--;--;--;--;--;--;--;--;7.01;104.32;15.03;117.24;22.13;131.19;27.78;146.52;31.41;163.27;32.58;180.91;31.12;198.49;27.22;215.09;21.37;230.25;14.14;244.05;6.03;256.86;--;--;--;--;--;--;--;--;--;--;
2018-09-30;--;--;--;--;--;--;--;--;--;--;--;--;--;--;--;--;6.74;104.61;14.74;117.52;21.82;131.45;27.43;146.75;31.04;163.44;32.19;181.00;30.72;198.50;26.83;215.03;20.99;230.14;13.76;243.91;5.66;256.71;--;--;--;--;--;--;--;--;--;--;
2018-10-01;--;--;--;--;--;--;--;--;--;--;--;--;--;--;--;--;6.46;104.90;14.45;117.80;21.50;131.71;27.09;146.97;30.67;163.60;31.81;181.09;30.32;198.51;26.43;214.97;20.61;230.04;13.39;243.78;5.29;256.56;--;--;--;--;--;--;--;--;--;--;
2018-10-02;--;--;--;--;--;--;--;--;--;--;--;--;--;--;--;--;6.18;105.18;14.16;118.07;21.18;131.96;26.75;147.19;30.30;163.77;31.42;181.18;29.93;198.52;26.04;214.92;20.22;229.93;13.02;243.65;4.93;256.41;--;--;--;--;--;--;--;--;--;--;
2018-10-03;--;--;--;--;--;--;--;--;--;--;--;--;--;--;--;--;5.90;105.46;13.86;118.34;20.87;132.22;26.40;147.41;29.94;163.93;31.03;181.27;29.53;198.53;25.65;214.86;19.84;229.83;12.64;243.51;4.56;256.26;--;--;--;--;--;--;--;--;--;--;
2018-10-04;--;--;--;--;--;--;--;--;--;--;--;--;--;--;--;--;5.63;105.74;13.57;118.61;20.55;132.47;26.06;147.63;29.57;164.09;30.64;181.35;29.14;198.54;25.26;214.80;19.46;229.72;12.27;243.37;4.20;256.11;--;--;--;--;--;--;--;--;--;--;
2018-10-05;--;--;--;--;--;--;--;--;--;--;--;--;--;--;--;--;5.35;106.02;13.28;118.88;20.23;132.71;25.72;147.84;29.20;164.24;30.26;181.43;28.75;198.54;24.87;214.74;19.08;229.62;11.90;243.24;3.84;255.96;--;--;--;--;--;--;--;--;--;--;
2018-10-06;--;--;--;--;--;--;--;--;--;--;--;--;--;--;--;--;5.07;106.30;12.98;119.14;19.92;132.96;25.37;148.05;28.83;164.40;29.87;181.51;28.36;198.54;24.48;214.68;18.70;229.51;11.54;243.10;3.48;255.80;--;--;--;--;--;--;--;--;--;--;
2018-10-07;--;--;--;--;--;--;--;--;--;--;--;--;--;--;--;--;4.79;106.57;12.69;119.41;19.60;133.20;25.03;148.25;28.46;164.54;29.49;181.59;27.97;198.55;24.10;214.61;18.33;229.40;11.17;242.96;3.12;255.65;--;--;--;--;--;--;--;--;--;--;
2018-10-08;--;--;--;--;--;--;--;--;--;--;--;--;--;--;--;--;4.51;106.84;12.39;119.67;19.28;133.44;24.69;148.46;28.10;164.69;29.10;181.66;27.58;198.55;23.71;214.55;17.95;229.29;10.81;242.83;2.76;255.49;--;--;--;--;--;--;--;--;--;--;
2018-10-09;--;--;--;--;--;--;--;--;--;--;--;--;--;--;--;--;4.23;107.11;12.10;119.92;18.97;133.67;24.35;148.65;27.73;164.83;28.72;181.74;27.19;198.54;23.33;214.48;17.58;229.18;10.45;242.69;2.41;255.34;--;--;--;--;--;--;--;--;--;--;
2018-10-10;--;--;--;--;--;--;--;--;--;--;--;--;--;--;--;--;3.95;107.38;11.80;120.18;18.65;133.91;24.00;148.85;27.37;164.97;28.34;181.80;26.80;198.54;22.95;214.42;17.21;229.07;10.09;242.55;2.06;255.18;--;--;--;--;--;--;--;--;--;--;
2018-10-11;--;--;--;--;--;--;--;--;--;--;--;--;--;--;--;--;3.67;107.64;11.51;120.43;18.33;134.13;23.66;149.04;27.00;165.11;27.96;181.87;26.42;198.53;22.57;214.35;16.84;228.96;9.73;242.41;1.71;255.02;--;--;--;--;--;--;--;--;--;--;
2018-10-12;--;--;--;--;--;--;--;--;--;--;--;--;--;--;--;--;3.39;107.90;11.21;120.67;18.02;134.36;23.32;149.23;26.64;165.24;27.59;181.93;26.04;198.52;22.20;214.28;16.48;228.85;9.37;242.27;1.36;254.87;--;--;--;--;--;--;--;--;--;--;
2018-10-13;--;--;--;--;--;--;--;--;--;--;--;--;--;--;--;--;3.11;108.16;10.92;120.92;17.70;134.58;22.98;149.41;26.28;165.37;27.21;181.99;25.66;198.51;21.82;214.21;16.11;228.74;9.02;242.13;1.02;254.71;--;--;--;--;--;--;--;--;--;--;
2018-10-14;--;--;--;--;--;--;--;--;--;--;--;--;--;--;--;--;2.83;108.41;10.62;121.16;17.39;134.80;22.64;149.59;25.92;165.50;26.84;182.05;25.28;198.50;21.45;214.14;15.75;228.62;8.67;241.98;0.68;254.55;--;--;--;--;--;--;--;--;--;--;
2018-10-15;--;--;--;--;--;--;--;--;--;--;--;--;--;--;--;--;2.56;108.67;10.33;121.40;17.07;135.01;22.31;149.77;25.56;165.62;26.46;182.11;24.91;198.49;21.08;214.07;15.39;228.51;8.32;241.84;0.34;254.39;--;--;--;--;--;--;--;--;--;--;
2018-10-16;--;--;--;--;--;--;--;--;--;--;--;--;--;--;--;--;2.28;108.92;10.03;121.63;16.76;135.22;21.97;149.94;25.20;165.74;26.09;182.16;24.54;198.47;20.72;214.00;15.04;228.39;7.98;241.70;0.00;254.23;--;--;--;--;--;--;--;--;--;--;
2018-10-17;--;--;--;--;--;--;--;--;--;--;--;--;--;--;--;--;2.00;109.16;9.74;121.86;16.44;135.43;21.63;150.11;24.85;165.85;25.73;182.21;24.17;198.45;20.35;213.92;14.69;228.27;7.64;241.55;-0.33;254.06;--;--;--;--;--;--;--;--;--;--;
2018-10-18;--;--;--;--;--;--;--;--;--;--;--;--;--;--;--;--;1.72;109.40;9.45;122.09;16.13;135.63;21.30;150.27;24.49;165.96;25.36;182.25;23.80;198.43;19.99;213.85;14.34;228.16;7.30;241.41;-0.66;253.90;--;--;--;--;--;--;--;--;--;--;
2018-10-19;--;--;--;--;--;--;--;--;--;--;--;--;--;--;--;--;1.44;109.64;9.16;122.31;15.82;135.83;20.96;150.43;24.14;166.07;25.00;182.29;23.44;198.41;19.64;213.77;13.99;228.04;6.97;241.26;--;--;--;--;--;--;--;--;--;--;--;--;
2018-10-20;--;--;--;--;--;--;--;--;--;--;--;--;--;--;--;--;1.17;109.88;8.86;122.53;15.51;136.02;20.63;150.59;23.79;166.17;24.64;182.33;23.07;198.39;19.28;213.69;13.65;227.92;6.63;241.12;--;--;--;--;--;--;--;--;--;--;--;--;
2018-10-21;--;--;--;--;--;--;--;--;--;--;--;--;--;--;--;--;0.89;110.11;8.57;122.74;15.20;136.21;20.30;150.74;23.44;166.27;24.28;182.37;22.71;198.36;18.93;213.61;13.31;227.80;6.31;240.97;--;--;--;--;--;--;--;--;--;--;--;--;
2018-10-22;--;--;--;--;--;--;--;--;--;--;--;--;--;--;--;--;0.61;110.33;8.28;122.95;14.89;136.40;19.97;150.89;23.10;166.36;23.92;182.40;22.36;198.33;18.58;213.53;12.97;227.68;5.98;240.82;--;--;--;--;--;--;--;--;--;--;--;--;
2018-10-23;--;--;--;--;--;--;--;--;--;--;--;--;--;--;--;--;0.34;110.56;7.99;123.16;14.58;136.58;19.65;151.03;22.75;166.46;23.57;182.43;22.01;198.30;18.24;213.44;12.64;227.55;5.66;240.67;--;--;--;--;--;--;--;--;--;--;--;--;
2018-10-24;--;--;--;--;--;--;--;--;--;--;--;--;--;--;--;--;0.07;110.78;7.71;123.36;14.27;136.75;19.32;151.17;22.41;166.54;23.22;182.46;21.66;198.26;17.90;213.36;12.31;227.43;5.35;240.52;--;--;--;--;--;--;--;--;--;--;--;--;
2018-10-25;--;--;--;--;--;--;--;--;--;--;--;--;--;--;--;--;-0.21;110.99;7.42;123.56;13.97;136.93;19.00;151.30;22.07;166.63;22.87;182.48;21.31;198.23;17.56;213.27;11.99;227.30;5.03;240.37;--;--;--;--;--;--;--;--;--;--;--;--;
2018-10-26;--;--;--;--;--;--;--;--;--;--;--;--;--;--;--;--;-0.48;111.20;7.13;123.75;13.66;137.09;18.67;151.43;21.74;166.70;22.53;182.50;20.97;198.19;17.23;213.18;11.67;227.18;4.73;240.21;--;--;--;--;--;--;--;--;--;--;--;--;
2018-10-27;--;--;--;--;--;--;--;--;--;--;--;--;--;--;--;--;-0.75;111.41;6.85;123.94;13.36;137.26;18.36;151.56;21.40;166.78;22.19;182.52;20.63;198.15;16.90;213.09;11.35;227.05;4.42;240.06;--;--;--;--;--;--;--;--;--;--;--;--;
2018-10-28;--;--;--;--;--;--;--;--;--;--;--;--;--;--;--;--;--;--;6.56;124.13;13.06;137.41;18.04;151.68;21.07;166.85;21.85;182.53;20.30;198.10;16.57;213.00;11.04;226.92;4.12;239.91;--;--;--;--;--;--;--;--;--;--;--;--;
2018-10-29;--;--;--;--;--;--;--;--;--;--;--;--;--;--;--;--;--;--;6.28;124.31;12.76;137.57;17.72;151.80;20.74;166.92;21.52;182.54;19.97;198.06;16.25;212.90;10.73;226.79;3.83;239.75;--;--;--;--;--;--;--;--;--;--;--;--;
2018-10-30;--;--;--;--;--;--;--;--;--;--;--;--;--;--;--;--;--;--;6.00;124.48;12.47;137.72;17.41;151.91;20.42;166.98;21.19;182.55;19.64;198.01;15.94;212.81;10.43;226.66;3.54;239.60;--;--;--;--;--;--;--;--;--;--;--;--;
2018-10-31;--;--;--;--;--;--;--;--;--;--;--;--;--;--;--;--;--;--;5.72;124.65;12.17;137.86;17.10;152.01;20.10;167.04;20.86;182.55;19.32;197.96;15.62;212.71;10.13;226.53;3.25;239.44;--;--;--;--;--;--;--;--;--;--;--;--;
2018-11-01;--;--;--;--;--;--;--;--;--;--;--;--;--;--;--;--;--;--;5.44;124.82;11.88;138.00;16.79;152.12;19.78;167.09;20.54;182.55;19.00;197.90;15.32;212.61;9.83;226.40;2.97;239.28;--;--;--;--;--;--;--;--;--;--;--;--;
2018-11-02;--;--;--;--;--;--;--;--;--;--;--;--;--;--;--;--;--;--;5.17;124.98;11.59;138.13;16.49;152.21;19.46;167.14;20.22;182.55;18.69;197.85;15.01;212.51;9.54;226.26;2.70;239.12;--;--;--;--;--;--;--;--;--;--;--;--;
2018-11-03;--;--;--;--;--;--;--;--;--;--;--;--;--;--;--;--;--;--;4.89;125.13;11.30;138.26;16.19;152.31;19.15;167.19;19.91;182.54;18.38;197.79;14.72;212.41;9.26;226.13;2.43;238.97;--;--;--;--;--;--;--;--;--;--;--;--;
2018-11-04;--;--;--;--;--;--;--;--;--;--;--;--;--;--;--;--;--;--;4.62;125.28;11.02;138.39;15.89;152.39;18.85;167.23;19.60;182.53;18.07;197.73;14.42;212.31;8.98;225.99;2.16;238.81;--;--;--;--;--;--;--;--;--;--;--;--;
2018-11-05;--;--;--;--;--;--;--;--;--;--;--;--;--;--;--;--;--;--;4.35;125.43;10.73;138.51;15.59;152.48;18.54;167.27;19.29;182.52;17.77;197.66;14.13;212.20;8.71;225.86;1.90;238.65;--;--;--;--;--;--;--;--;--;--;--;--;
2018-11-06;--;--;--;--;--;--;--;--;--;--;--;--;--;--;--;--;--;--;4.08;125.57;10.45;138.62;15.30;152.56;18.24;167.30;18.99;182.50;17.48;197.60;13.85;212.09;8.44;225.72;1.65;238.49;--;--;--;--;--;--;--;--;--;--;--;--;
2018-11-07;--;--;--;--;--;--;--;--;--;--;--;--;--;--;--;--;--;--;3.82;125.71;10.17;138.73;15.01;152.63;17.94;167.33;18.70;182.48;17.19;197.53;13.57;211.99;8.18;225.58;1.40;238.33;--;--;--;--;--;--;--;--;--;--;--;--;
2018-11-08;--;--;--;--;--;--;--;--;--;--;--;--;--;--;--;--;--;--;3.55;125.84;9.90;138.83;14.73;152.70;17.65;167.36;18.40;182.46;16.90;197.46;13.30;211.88;7.92;225.44;1.15;238.16;--;--;--;--;--;--;--;--;--;--;--;--;
2018-11-09;--;--;--;--;--;--;--;--;--;--;--;--;--;--;--;--;--;--;3.29;125.96;9.63;138.93;14.44;152.76;17.36;167.38;18.12;182.43;16.62;197.39;13.03;211.77;7.67;225.30;0.92;238.00;--;--;--;--;--;--;--;--;--;--;--;--;
2018-11-10;--;--;--;--;--;--;--;--;--;--;--;--;--;--;--;--;--;--;3.04;126.08;9.36;139.03;14.16;152.82;17.08;167.40;17.83;182.40;16.35;197.31;12.77;211.65;7.42;225.16;0.68;237.84;--;--;--;--;--;--;--;--;--;--;--;--;
2018-11-11;--;--;--;--;--;--;--;--;--;--;--;--;--;--;--;--;--;--;2.78;126.20;9.09;139.12;13.89;152.88;16.80;167.41;17.56;182.37;16.08;197.24;12.52;211.54;7.18;225.02;0.46;237.68;--;--;--;--;--;--;--;--;--;--;--;--;
2018-11-12;--;--;--;--;--;--;--;--;--;--;--;--;--;--;--;--;--;--;2.53;126.30;8.83;139.20;13.62;152.93;16.53;167.42;17.28;182.33;15.82;197.16;12.27;211.42;6.94;224.87;0.24;237.51;--;--;--;--;--;--;--;--;--;--;--;--;
2018-11-13;--;--;--;--;--;--;--;--;--;--;--;--;--;--;--;--;--;--;2.28;126.41;8.57;139.28;13.35;152.97;16.26;167.42;17.02;182.29;15.56;197.08;12.02;211.31;6.72;224.73;0.02;237.35;--;--;--;--;--;--;--;--;--;--;--;--;
2018-11-14;--;--;--;--;--;--;--;--;--;--;--;--;--;--;--;--;--;--;2.03;126.51;8.31;139.35;13.09;153.01;15.99;167.42;16.75;182.25;15.31;196.99;11.78;211.19;6.49;224.59;-0.19;237.19;--;--;--;--;--;--;--;--;--;--;--;--;
2018-11-15;--;--;--;--;--;--;--;--;--;--;--;--;--;--;--;--;--;--;1.78;126.60;8.06;139.42;12.83;153.05;15.73;167.42;16.50;182.20;15.06;196.91;11.55;211.07;6.28;224.44;-0.39;237.02;--;--;--;--;--;--;--;--;--;--;--;--;
2018-11-16;--;--;--;--;--;--;--;--;--;--;--;--;--;--;--;--;--;--;1.54;126.69;7.81;139.48;12.58;153.08;15.47;167.41;16.25;182.15;14.82;196.82;11.33;210.95;6.07;224.30;-0.58;236.86;--;--;--;--;--;--;--;--;--;--;--;--;
2018-11-17;--;--;--;--;--;--;--;--;--;--;--;--;--;--;--;--;--;--;1.31;126.77;7.57;139.54;12.33;153.10;15.22;167.40;16.00;182.10;14.58;196.73;11.10;210.83;5.86;224.15;-0.77;236.70;--;--;--;--;--;--;--;--;--;--;--;--;
2018-11-18;--;--;--;--;--;--;--;--;--;--;--;--;--;--;--;--;--;--;1.07;126.85;7.33;139.59;12.08;153.13;14.98;167.38;15.76;182.05;14.35;196.64;10.89;210.71;5.66;224.00;--;--;--;--;--;--;--;--;--;--;--;--;--;--;
2018-11-19;--;--;--;--;--;--;--;--;--;--;--;--;--;--;--;--;--;--;0.84;126.92;7.09;139.64;11.84;153.14;14.74;167.36;15.53;181.99;14.13;196.54;10.68;210.58;5.47;223.86;--;--;--;--;--;--;--;--;--;--;--;--;--;--;
2018-11-20;--;--;--;--;--;--;--;--;--;--;--;--;--;--;--;--;--;--;0.61;126.98;6.86;139.68;11.61;153.15;14.50;167.34;15.30;181.93;13.92;196.45;10.48;210.46;5.29;223.71;--;--;--;--;--;--;--;--;--;--;--;--;--;--;
2018-11-21;--;--;--;--;--;--;--;--;--;--;--;--;--;--;--;--;--;--;0.39;127.04;6.63;139.72;11.37;153.16;14.27;167.31;15.08;181.86;13.71;196.35;10.29;210.33;5.11;223.57;--;--;--;--;--;--;--;--;--;--;--;--;--;--;
2018-11-22;--;--;--;--;--;--;--;--;--;--;--;--;--;--;--;--;--;--;0.17;127.10;6.40;139.75;11.15;153.16;14.05;167.28;14.86;181.80;13.50;196.25;10.10;210.21;4.94;223.42;--;--;--;--;--;--;--;--;--;--;--;--;--;--;
2018-11-23;--;--;--;--;--;--;--;--;--;--;--;--;--;--;--;--;--;--;-0.05;127.15;6.18;139.77;10.93;153.16;13.83;167.25;14.65;181.73;13.30;196.15;9.92;210.08;4.78;223.27;--;--;--;--;--;--;--;--;--;--;--;--;--;--;
2018-11-24;--;--;--;--;--;--;--;--;--;--;--;--;--;--;--;--;--;--;-0.26;127.19;5.97;139.79;10.71;153.15;13.62;167.21;14.45;181.65;13.11;196.05;9.74;209.95;4.62;223.13;--;--;--;--;--;--;--;--;--;--;--;--;--;--;
2018-11-25;--;--;--;--;--;--;--;--;--;--;--;--;--;--;--;--;--;--;-0.47;127.23;5.76;139.81;10.50;153.14;13.41;167.17;14.25;181.58;12.93;195.94;9.58;209.82;4.47;222.98;--;--;--;--;--;--;--;--;--;--;--;--;--;--;
2018-11-26;--;--;--;--;--;--;--;--;--;--;--;--;--;--;--;--;--;--;-0.67;127.26;5.55;139.82;10.30;153.13;13.21;167.12;14.06;181.50;12.75;195.84;9.42;209.69;4.32;222.83;--;--;--;--;--;--;--;--;--;--;--;--;--;--;
2018-11-27;--;--;--;--;--;--;--;--;--;--;--;--;--;--;--;--;--;--;--;--;5.35;139.83;10.10;153.11;13.02;167.07;13.87;181.42;12.58;195.73;9.26;209.56;4.19;222.69;--;--;--;--;--;--;--;--;--;--;--;--;--;--;
2018-11-28;--;--;--;--;--;--;--;--;--;--;--;--;--;--;--;--;--;--;--;--;5.16;139.83;9.90;153.08;12.83;167.02;13.69;181.34;12.42;195.62;9.12;209.43;4.06;222.54;--;--;--;--;--;--;--;--;--;--;--;--;--;--;
2018-11-29;--;--;--;--;--;--;--;--;--;--;--;--;--;--;--;--;--;--;--;--;4.97;139.82;9.71;153.05;12.65;166.96;13.52;181.26;12.26;195.51;8.98;209.30;3.93;222.40;--;--;--;--;--;--;--;--;--;--;--;--;--;--;
2018-11-30;--;--;--;--;--;--;--;--;--;--;--;--;--;--;--;--;--;--;--;--;4.78;139.81;9.53;153.02;12.47;166.90;13.36;181.17;12.11;195.40;8.84;209.17;3.82;222.25;--;--;--;--;--;--;--;--;--;--;--;--;--;--;
2018-12-01;--;--;--;--;--;--;--;--;--;--;--;--;--;--;--;--;--;--;--;--;4.60;139.80;9.35;152.98;12.30;166.84;13.20;181.08;11.97;195.29;8.72;209.04;3.71;222.11;--;--;--;--;--;--;--;--;--;--;--;--;--;--;
2018-12-02;--;--;--;--;--;--;--;--;--;--;--;--;--;--;--;--;--;--;--;--;4.43;139.78;9.18;152.94;12.14;166.77;13.05;180.99;11.83;195.17;8.60;208.91;3.61;221.97;--;--;--;--;--;--;--;--;--;--;--;--;--;--;
2018-12-03;--;--;--;--;--;--;--;--;--;--;--;--;--;--;--;--;--;--;--;--;4.26;139.76;9.02;152.90;11.98;166.70;12.91;180.89;11.71;195.06;8.49;208.78;3.52;221.82;--;--;--;--;--;--;--;--;--;--;--;--;--;--;
2018-12-04;--;--;--;--;--;--;--;--;--;--;--;--;--;--;--;--;--;--;--;--;4.09;139.73;8.86;152.85;11.83;166.63;12.77;180.80;11.59;194.94;8.39;208.65;3.43;221.68;--;--;--;--;--;--;--;--;--;--;--;--;--;--;
2018-12-05;--;--;--;--;--;--;--;--;--;--;--;--;--;--;--;--;--;--;--;--;3.93;139.69;8.71;152.79;11.69;166.55;12.64;180.70;11.47;194.83;8.29;208.52;3.35;221.54;--;--;--;--;--;--;--;--;--;--;--;--;--;--;
2018-12-06;--;--;--;--;--;--;--;--;--;--;--;--;--;--;--;--;--;--;--;--;3.78;139.66;8.56;152.74;11.55;166.47;12.52;180.60;11.37;194.71;8.20;208.39;3.28;221.41;--;--;--;--;--;--;--;--;--;--;--;--;--;--;
2018-12-07;--;--;--;--;--;--;--;--;--;--;--;--;--;--;--;--;--;--;--;--;3.64;139.61;8.42;152.67;11.42;166.39;12.40;180.50;11.27;194.59;8.12;208.26;3.21;221.27;--;--;--;--;--;--;--;--;--;--;--;--;--;--;
2018-12-08;--;--;--;--;--;--;--;--;--;--;--;--;--;--;--;--;--;--;--;--;3.49;139.57;8.29;152.61;11.30;166.31;12.29;180.40;11.18;194.47;8.05;208.13;3.16;221.13;--;--;--;--;--;--;--;--;--;--;--;--;--;--;
2018-12-09;--;--;--;--;--;--;--;--;--;--;--;--;--;--;--;--;--;--;--;--;3.36;139.51;8.16;152.54;11.19;166.22;12.19;180.29;11.09;194.35;7.98;208.01;3.11;221.00;--;--;--;--;--;--;--;--;--;--;--;--;--;--;
2018-12-10;--;--;--;--;--;--;--;--;--;--;--;--;--;--;--;--;--;--;--;--;3.23;139.46;8.04;152.47;11.08;166.13;12.10;180.19;11.02;194.24;7.92;207.88;3.06;220.87;--;--;--;--;--;--;--;--;--;--;--;--;--;--;
2018-12-11;--;--;--;--;--;--;--;--;--;--;--;--;--;--;--;--;--;--;--;--;3.11;139.40;7.93;152.39;10.98;166.04;12.01;180.08;10.95;194.12;7.87;207.75;3.03;220.73;--;--;--;--;--;--;--;--;--;--;--;--;--;--;
2018-12-12;--;--;--;--;--;--;--;--;--;--;--;--;--;--;--;--;--;--;--;--;2.99;139.33;7.82;152.31;10.88;165.94;11.93;179.97;10.89;194.00;7.83;207.63;3.00;220.61;--;--;--;--;--;--;--;--;--;--;--;--;--;--;
2018-12-13;--;--;--;--;--;--;--;--;--;--;--;--;--;--;--;--;--;--;--;--;2.88;139.26;7.72;152.23;10.80;165.84;11.86;179.86;10.83;193.88;7.79;207.50;2.98;220.48;--;--;--;--;--;--;--;--;--;--;--;--;--;--;
2018-12-14;--;--;--;--;--;--;--;--;--;--;--;--;--;--;--;--;--;--;--;--;2.78;139.19;7.63;152.14;10.72;165.74;11.80;179.75;10.79;193.76;7.76;207.38;2.97;220.35;--;--;--;--;--;--;--;--;--;--;--;--;--;--;
2018-12-15;--;--;--;--;--;--;--;--;--;--;--;--;--;--;--;--;--;--;--;--;2.68;139.11;7.54;152.05;10.64;165.64;11.74;179.64;10.75;193.64;7.74;207.26;2.96;220.23;--;--;--;--;--;--;--;--;--;--;--;--;--;--;
2018-12-16;--;--;--;--;--;--;--;--;--;--;--;--;--;--;--;--;--;--;--;--;2.60;139.03;7.46;151.96;10.58;165.54;11.70;179.52;10.72;193.52;7.73;207.13;2.96;220.11;--;--;--;--;--;--;--;--;--;--;--;--;--;--;
2018-12-17;--;--;--;--;--;--;--;--;--;--;--;--;--;--;--;--;--;--;--;--;2.51;138.95;7.39;151.87;10.52;165.43;11.65;179.41;10.69;193.40;7.72;207.02;2.97;219.99;--;--;--;--;--;--;--;--;--;--;--;--;--;--;
2018-12-18;--;--;--;--;--;--;--;--;--;--;--;--;--;--;--;--;--;--;--;--;2.44;138.86;7.33;151.77;10.47;165.33;11.62;179.29;10.68;193.28;7.72;206.90;2.99;219.88;--;--;--;--;--;--;--;--;--;--;--;--;--;--;
2018-12-19;--;--;--;--;--;--;--;--;--;--;--;--;--;--;--;--;--;--;--;--;2.37;138.77;7.27;151.67;10.43;165.22;11.60;179.18;10.67;193.17;7.73;206.78;3.01;219.76;--;--;--;--;--;--;--;--;--;--;--;--;--;--;
2018-12-20;--;--;--;--;--;--;--;--;--;--;--;--;--;--;--;--;--;--;--;--;2.30;138.67;7.22;151.56;10.39;165.11;11.58;179.06;10.67;193.05;7.75;206.67;3.04;219.65;--;--;--;--;--;--;--;--;--;--;--;--;--;--;
2018-12-21;--;--;--;--;--;--;--;--;--;--;--;--;--;--;--;--;--;--;--;--;2.25;138.57;7.18;151.46;10.37;164.99;11.57;178.95;10.68;192.93;7.77;206.55;3.08;219.54;--;--;--;--;--;--;--;--;--;--;--;--;--;--;
2018-12-22;--;--;--;--;--;--;--;--;--;--;--;--;--;--;--;--;--;--;--;--;2.20;138.47;7.14;151.35;10.35;164.88;11.57;178.83;10.69;192.82;7.80;206.44;3.13;219.44;--;--;--;--;--;--;--;--;--;--;--;--;--;--;
2018-12-23;--;--;--;--;--;--;--;--;--;--;--;--;--;--;--;--;--;--;--;--;2.16;138.36;7.11;151.23;10.33;164.76;11.57;178.71;10.72;192.71;7.84;206.33;3.18;219.34;--;--;--;--;--;--;--;--;--;--;--;--;--;--;
2018-12-24;--;--;--;--;--;--;--;--;--;--;--;--;--;--;--;--;--;--;--;--;2.12;138.25;7.09;151.12;10.33;164.65;11.58;178.60;10.75;192.59;7.89;206.23;3.24;219.24;--;--;--;--;--;--;--;--;--;--;--;--;--;--;
2018-12-25;--;--;--;--;--;--;--;--;--;--;--;--;--;--;--;--;--;--;--;--;2.09;138.14;7.08;151.00;10.33;164.53;11.60;178.48;10.78;192.48;7.94;206.12;3.31;219.14;--;--;--;--;--;--;--;--;--;--;--;--;--;--;
2018-12-26;--;--;--;--;--;--;--;--;--;--;--;--;--;--;--;--;--;--;--;--;2.07;138.02;7.07;150.89;10.34;164.41;11.63;178.36;10.83;192.37;8.00;206.02;3.38;219.05;--;--;--;--;--;--;--;--;--;--;--;--;--;--;
2018-12-27;--;--;--;--;--;--;--;--;--;--;--;--;--;--;--;--;--;--;--;--;2.06;137.90;7.07;150.77;10.36;164.29;11.67;178.25;10.88;192.26;8.07;205.92;3.46;218.96;--;--;--;--;--;--;--;--;--;--;--;--;--;--;
2018-12-28;--;--;--;--;--;--;--;--;--;--;--;--;--;--;--;--;--;--;--;--;2.05;137.78;7.08;150.64;10.39;164.17;11.71;178.13;10.94;192.15;8.15;205.83;3.55;218.88;--;--;--;--;--;--;--;--;--;--;--;--;--;--;
2018-12-29;--;--;--;--;--;--;--;--;--;--;--;--;--;--;--;--;--;--;--;--;2.05;137.66;7.10;150.52;10.42;164.05;11.76;178.02;11.01;192.05;8.23;205.73;3.64;218.79;--;--;--;--;--;--;--;--;--;--;--;--;--;--;
2018-12-30;--;--;--;--;--;--;--;--;--;--;--;--;--;--;--;--;--;--;--;--;2.06;137.53;7.12;150.39;10.46;163.92;11.82;177.90;11.09;191.94;8.32;205.64;3.74;218.72;--;--;--;--;--;--;--;--;--;--;--;--;--;--;
2018-12-31;--;--;--;--;--;--;--;--;--;--;--;--;--;--;--;--;--;--;--;--;2.08;137.40;7.15;150.27;10.51;163.80;11.89;177.79;11.17;191.84;8.42;205.55;3.85;218.64;--;--;--;--;--;--;--;--;--;--;--;--;--;--;
2019-01-01;--;--;--;--;--;--;--;--;--;--;--;--;--;--;--;--;--;--;--;--;2.10;137.24;7.20;150.11;10.58;163.65;11.98;177.65;11.28;191.72;8.55;205.45;3.99;218.55;--;--;--;--;--;--;--;--;--;--;--;--;--;--;
